,0,1,2,3,4,5,6,7,8,9,10,11,12,13
0,0.0013669729,1.1920929e-07,0.00082468987,0.014989406,1.424551e-05,4.6938658e-05,8.6426735e-07,2.7418137e-06,8.812547e-05,7.4505806e-07,0.0,1.7881393e-07,5.2452087e-06,0.0
1,0.001516223,0.0,0.00041130185,0.00862515,1.7553568e-05,3.9577484e-05,4.172325e-07,2.5331974e-06,6.9111586e-05,1.1920929e-07,8.940697e-08,2.9802322e-08,1.758337e-06,0.0
2,0.001011312,2.9802322e-08,0.00043562055,0.010543585,1.3411045e-05,4.452467e-05,5.662441e-07,3.33786e-06,5.9336424e-05,2.9802322e-07,8.940697e-08,2.0861626e-07,4.0233135e-06,0.0
3,0.0007661879,0.0,0.00039985776,0.0057391524,1.3709068e-05,3.248453e-05,4.172325e-07,2.8908253e-06,6.780028e-05,8.940697e-08,1.1920929e-07,1.7881393e-07,8.940697e-06,0.0
4,0.00076058507,0.0,0.00050985813,0.009369463,2.5451183e-05,6.0260296e-05,6.2584877e-07,3.6656857e-06,5.7935715e-05,1.1920929e-07,5.9604645e-08,2.0861626e-07,1.22487545e-05,0.0
5,0.0010609031,0.0,0.00068074465,0.008100748,3.027916e-05,3.4034252e-05,3.2782555e-07,5.990267e-06,7.429719e-05,2.0861626e-07,1.4901161e-07,8.940697e-08,2.2053719e-06,0.0
6,0.00046887994,5.9604645e-08,0.00027149916,0.006875515,7.4505806e-06,3.2246113e-05,2.682209e-07,3.6358833e-06,3.2246113e-05,8.940697e-08,1.4901161e-07,5.9604645e-08,4.440546e-06,0.0
7,0.000611186,0.0,0.00017902255,0.007500887,2.810359e-05,6.195903e-05,5.066395e-07,6.109476e-06,4.4226646e-05,1.4901161e-07,1.4901161e-07,2.0861626e-07,1.0639429e-05,0.0
8,0.0016976893,5.9604645e-08,0.0005105734,0.01713121,5.185604e-06,2.6881695e-05,7.1525574e-07,4.529953e-06,7.215142e-05,3.5762787e-07,8.940697e-08,8.940697e-08,2.413988e-06,0.0
9,0.0004144907,0.0,0.00017866492,0.004427135,1.0639429e-05,3.8802624e-05,2.3841858e-07,1.9967556e-06,2.4795532e-05,1.1920929e-07,1.2832972e-07,1.10893424e-07,2.9997173e-06,0.0
10,0.0012382269,0.0,0.0004464686,0.007480681,1.564622e-05,2.6583672e-05,4.7683716e-07,7.897615e-06,7.224083e-05,2.3841858e-07,1.4901161e-07,1.1920929e-07,3.1888485e-06,0.0
11,0.00038707256,0.0,0.00013518333,0.006105423,2.9057264e-05,5.00381e-05,3.5762787e-07,4.798174e-06,3.552437e-05,8.940697e-08,1.7881393e-07,1.7881393e-07,5.8710575e-06,0.0
12,0.0009096563,5.9604645e-08,0.00038328767,0.009400696,1.0788441e-05,4.220009e-05,6.2584877e-07,4.827976e-06,4.9889088e-05,1.7881393e-07,8.940697e-08,1.1920929e-07,4.7385693e-06,0.0
13,0.0005620122,0.0,0.00011521578,0.006033361,1.0758638e-05,3.6776066e-05,3.5762787e-07,5.096197e-06,2.887845e-05,2.9802322e-08,1.4901161e-07,1.4901161e-07,5.00679e-06,0.0
14,0.00080415606,5.9604645e-08,0.0003553331,0.007102281,1.5705824e-05,4.300475e-05,3.5762787e-07,3.5762787e-06,3.6746264e-05,1.1920929e-07,1.1920929e-07,8.940697e-08,2.682209e-06,0.0
15,0.000505954,1.1920929e-07,0.0002143085,0.006249279,1.8328428e-05,5.4091215e-05,3.5762787e-07,3.1888485e-06,2.6851892e-05,0.0,1.1920929e-07,2.0861626e-07,5.751848e-06,0.0
16,0.0006313324,0.0,0.00034627318,0.00943926,3.156066e-05,5.2392483e-05,7.4505806e-07,5.453825e-06,6.3955784e-05,8.940697e-08,1.1920929e-07,2.9802322e-07,7.8082085e-06,0.0
17,0.00057581067,0.0,0.00016400218,0.007481128,1.1056662e-05,3.901124e-05,2.9802322e-07,5.543232e-06,2.8640032e-05,1.1920929e-07,2.0861626e-07,1.1920929e-07,3.7252903e-06,0.0
18,0.0008111,0.0,0.00037688017,0.0073567927,3.1977892e-05,4.2676926e-05,4.4703484e-07,5.722046e-06,4.979968e-05,1.4901161e-07,1.4901161e-07,2.0861626e-07,5.841255e-06,0.0
19,0.0006608069,0.0,0.00014552474,0.004911542,1.859665e-05,6.005168e-05,4.172325e-07,3.1292439e-06,4.4733286e-05,8.940697e-08,5.609932e-08,1.01867755e-07,3.1186944e-06,0.0
20,0.0012675524,5.9604645e-08,0.0010363758,0.014551103,2.0503998e-05,3.8444996e-05,7.1525574e-07,5.841255e-06,0.00010460615,3.5762787e-07,8.940697e-08,2.0861626e-07,6.7949295e-06,0.0
21,0.00047582388,0.0,0.0003131926,0.00670889,6.41346e-05,8.022785e-05,3.2782555e-07,5.00679e-06,3.7938356e-05,5.9604645e-08,1.7881393e-07,1.1920929e-07,5.990267e-06,0.0
22,0.0010251701,0.0,0.0004826188,0.007183224,1.0192394e-05,3.9875507e-05,4.4703484e-07,6.4969063e-06,4.2140484e-05,1.1920929e-07,1.1920929e-07,2.0861626e-07,5.3048134e-06,0.0
23,0.0014297664,2.9802322e-08,0.0012313426,0.011752605,1.218915e-05,3.7282705e-05,8.046627e-07,5.275011e-06,8.422136e-05,2.9802322e-07,8.940697e-08,2.0861626e-07,7.301569e-06,0.0
24,0.0006119311,0.0,0.00015610456,0.008823693,2.670288e-05,4.4465065e-05,5.662441e-07,3.993511e-06,4.389882e-05,1.7881393e-07,8.940697e-08,1.7881393e-07,4.082918e-06,0.0
25,0.00042793155,0.0,7.4237585e-05,0.0065394044,2.3633242e-05,5.340576e-05,3.2782555e-07,4.0233135e-06,4.044175e-05,5.9604645e-08,8.940697e-08,1.4901161e-07,4.142523e-06,0.0
26,0.0003708303,0.0,0.0003504753,0.007856816,1.963973e-05,4.953146e-05,3.874302e-07,1.22487545e-05,4.8339367e-05,1.7881393e-07,1.4901161e-07,4.172325e-07,1.7285347e-05,0.0
27,0.00088593364,8.940697e-08,0.00023961067,0.0058805346,1.1503696e-05,5.1647425e-05,3.2782555e-07,3.1590462e-06,2.7865171e-05,8.940697e-08,8.940697e-08,1.1920929e-07,2.9206276e-06,0.0
28,0.0014891326,0.0,0.00021898746,0.0070629716,9.655952e-06,3.916025e-05,4.7683716e-07,3.8444996e-06,4.005432e-05,1.4901161e-07,1.7881393e-07,8.940697e-08,4.61936e-06,0.0
29,0.000331074,2.9802322e-08,0.000119417906,0.0073105097,5.811453e-06,3.9190054e-05,2.0861626e-07,1.5199184e-06,1.8835068e-05,2.9802322e-08,3.5375255e-08,5.710177e-08,1.9206268e-06,0.0
30,0.0011844933,0.0,0.0014198422,0.01115942,1.5616417e-05,3.325939e-05,6.2584877e-07,6.6161156e-06,8.5413456e-05,2.9802322e-07,5.9604645e-08,5.9604645e-08,4.9471855e-06,0.0
31,0.00044566393,0.0,0.00036028028,0.0071020722,2.0563602e-05,3.272295e-05,2.9802322e-07,4.2021275e-06,3.170967e-05,8.940697e-08,1.1920929e-07,2.3841858e-07,9.62615e-06,0.0
32,0.00064677,0.0,0.00015458465,0.008923948,2.1725893e-05,4.7683716e-05,6.2584877e-07,5.4836273e-06,5.942583e-05,1.1920929e-07,1.7881393e-07,1.4901161e-07,5.3942204e-06,0.0
33,0.0013218522,0.0,0.00043177605,0.0069289505,1.1384487e-05,3.015995e-05,3.2782555e-07,2.95043e-06,6.9886446e-05,1.1920929e-07,5.9604645e-08,8.940697e-08,2.8312206e-06,0.0
34,0.00054109097,0.0,0.00017377734,0.006949395,2.7298927e-05,5.5462122e-05,3.2782555e-07,4.261732e-06,5.5104494e-05,5.9604645e-08,1.1920929e-07,2.3841858e-07,7.599592e-06,0.0
35,0.00045838952,0.0,0.0001732111,0.0064239204,7.95722e-06,3.272295e-05,3.5762787e-07,2.6226044e-06,2.6106834e-05,8.940697e-08,1.1920929e-07,1.7881393e-07,6.3478947e-06,0.0
36,0.0008409023,0.0,0.0002809167,0.0062068105,2.8967857e-05,5.4985285e-05,3.2782555e-07,7.1525574e-06,4.7266483e-05,8.940697e-08,1.7881393e-07,1.1920929e-07,4.827976e-06,0.0
37,0.00074622035,0.0,0.00063696504,0.010856181,1.5169382e-05,4.774332e-05,4.7683716e-07,4.61936e-06,5.4240227e-05,3.5762787e-07,0.0,1.4901161e-07,3.33786e-06,0.0
38,0.0006892681,2.9802322e-08,0.0002732873,0.010462791,1.9550323e-05,6.9618225e-05,6.854534e-07,9.119511e-06,5.5283308e-05,2.0861626e-07,5.9604645e-08,1.1920929e-07,5.096197e-06,0.0
39,0.000595212,5.9604645e-08,0.00019928813,0.0075997114,2.926588e-05,4.0113926e-05,3.874302e-07,8.583069e-06,4.1544437e-05,0.0,1.0577832e-07,1.4998157e-07,5.9476133e-06,0.0
40,0.0006906688,8.940697e-08,0.00036984682,0.008431673,3.0130148e-05,5.567074e-05,5.364418e-07,5.8710575e-06,5.2571297e-05,8.940697e-08,2.3841858e-07,1.7881393e-07,4.3809414e-06,0.0
41,0.000790447,0.0,0.00015887618,0.0058175325,2.4110079e-05,6.7561865e-05,3.874302e-07,7.2419643e-06,4.7445297e-05,8.940697e-08,1.7881393e-07,2.0861626e-07,6.2584877e-06,0.0
42,0.0005932152,2.9802322e-08,0.00023505092,0.008525133,1.4573336e-05,3.6150217e-05,5.364418e-07,2.592802e-06,5.4746866e-05,1.7881393e-07,8.940697e-08,1.1920929e-07,5.0365925e-06,0.0
43,0.00038349628,0.0,9.641051e-05,0.0056137443,1.4424324e-05,4.968047e-05,2.3841858e-07,6.28829e-06,1.9460917e-05,5.9604645e-08,1.1920929e-07,1.4901161e-07,5.275011e-06,0.0
44,0.0006018877,8.940697e-08,0.00018182397,0.005563587,1.1265278e-05,4.36306e-05,4.172325e-07,3.2782555e-06,3.0428171e-05,1.1920929e-07,8.940697e-08,1.1920929e-07,4.4107437e-06,0.0
45,0.0010908842,2.9802322e-08,0.00028139353,0.00826785,5.632639e-06,3.2156706e-05,4.4703484e-07,3.5464764e-06,4.053116e-05,5.9604645e-08,1.4901161e-07,2.0861626e-07,4.4703484e-06,0.0
46,0.0005404353,0.0,0.00020837784,0.0088148415,6.070733e-05,7.3462725e-05,6.2584877e-07,3.784895e-06,6.663799e-05,1.1920929e-07,5.9604645e-08,1.4901161e-07,5.2452087e-06,0.0
47,0.0010805726,8.940697e-08,0.00036120415,0.009907275,1.3560057e-05,2.2560358e-05,3.2782555e-07,3.1292439e-06,7.215142e-05,2.0861626e-07,5.9604645e-08,0.0,1.7285347e-06,0.0
48,0.0010724664,0.0,0.0003350079,0.0046189725,1.770258e-05,3.090501e-05,2.3841858e-07,2.6524067e-06,5.2660704e-05,8.940697e-08,2.9802322e-07,5.9604645e-08,3.6656857e-06,0.0
49,0.00041353703,0.0,0.00025966763,0.0046080947,1.1026859e-05,3.2544136e-05,2.3841858e-07,7.778406e-06,2.861023e-05,2.9802322e-08,1.4912695e-07,2.8351943e-07,1.101978e-05,0.0
50,0.0010292828,0.0,0.00048553944,0.014355451,1.40964985e-05,3.311038e-05,7.748604e-07,6.1392784e-06,0.00010690093,3.5762787e-07,1.7881393e-07,1.4901161e-07,2.9802322e-06,0.0
51,0.00051262975,0.0,0.0002155006,0.004851252,1.0192394e-05,3.093481e-05,2.0861626e-07,1.8179417e-06,4.172325e-05,1.4901161e-07,2.9802322e-08,2.9802322e-08,1.1920929e-06,0.0
52,0.00095677376,0.0,0.001101017,0.009387702,9.715557e-06,1.6957521e-05,3.5762787e-07,1.6093254e-06,6.16312e-05,5.364418e-07,1.1920929e-07,0.0,1.6987324e-06,0.0
53,0.0003774464,0.0,0.00020176172,0.009401649,1.3381243e-05,4.8726797e-05,4.4703484e-07,1.2516975e-06,4.5269728e-05,1.1920929e-07,5.9604645e-08,1.1920929e-07,2.503395e-06,0.0
54,0.001306355,0.0,0.00082600117,0.016641945,1.8835068e-05,3.886223e-05,7.1525574e-07,2.115965e-06,0.00013643503,5.066395e-07,2.9802322e-08,8.940697e-08,2.3543835e-06,0.0
55,0.0016902685,1.1920929e-07,0.00047042966,0.009265572,9.745359e-06,4.425645e-05,5.066395e-07,6.67572e-06,4.389882e-05,1.7881393e-07,8.940697e-08,2.0861626e-07,3.1590462e-06,0.0
56,0.0016950965,0.0,0.000300169,0.009703398,9.179115e-06,2.56598e-05,3.874302e-07,1.9967556e-06,6.842613e-05,2.0861626e-07,8.940697e-08,8.940697e-08,1.7881393e-06,0.0
57,0.00086146593,2.9802322e-08,0.00074636936,0.017947048,1.8805265e-05,3.4093857e-05,1.1324883e-06,5.3048134e-06,0.00014334917,5.662441e-07,8.940697e-08,1.1920929e-07,5.722046e-06,0.0
58,0.0007956922,1.1920929e-07,0.00022596121,0.0068514943,1.1891127e-05,4.3660402e-05,2.682209e-07,4.4107437e-06,2.9027462e-05,8.940697e-08,8.940697e-08,1.4901161e-07,4.708767e-06,0.0
59,0.0005826652,0.0,0.00043049455,0.014729559,2.7954578e-05,5.275011e-05,1.013279e-06,5.00679e-06,8.6933374e-05,5.662441e-07,4.659729e-08,5.6981552e-08,2.2685476e-06,0.0
60,0.0005545318,0.0,0.00024956465,0.01061967,1.6540289e-05,4.2945147e-05,6.2584877e-07,6.824732e-06,6.300211e-05,1.1920929e-07,8.940697e-08,1.4901161e-07,6.377697e-06,0.0
61,0.0006352663,0.0,0.00025248528,0.020579964,9.5665455e-06,3.796816e-05,1.0430813e-06,3.5464764e-06,0.00013634562,5.9604645e-07,5.9604645e-08,8.940697e-08,2.3245811e-06,0.0
62,0.00061643124,0.0,0.0006122291,0.007670343,5.9217215e-05,5.1379204e-05,2.9802322e-07,4.798174e-06,6.380677e-05,1.1920929e-07,0.0,5.9604645e-08,7.212162e-06,0.0
63,0.0010561049,5.9604645e-08,0.0008152425,0.011755705,1.7225742e-05,3.144145e-05,6.2584877e-07,1.5735626e-05,9.149313e-05,2.0861626e-07,3.2782555e-07,8.940697e-08,6.1392784e-06,0.0
64,0.0006739199,0.0,0.00049069524,0.017484456,9.804964e-06,4.094839e-05,8.6426735e-07,4.887581e-06,8.2969666e-05,6.556511e-07,8.940697e-08,5.9604645e-08,3.6656857e-06,0.0
65,0.00043675303,0.0,0.00022041798,0.015104145,9.268522e-06,3.7014484e-05,5.662441e-07,5.6028366e-06,7.113814e-05,2.682209e-07,1.7881393e-07,8.940697e-08,1.9967556e-06,0.0
66,0.0004892945,0.0,0.00012478232,0.0056502223,1.591444e-05,7.742643e-05,2.682209e-07,3.7252903e-06,2.7477741e-05,1.4901161e-07,8.940697e-08,1.1920929e-07,4.3809414e-06,0.0
67,0.001595974,0.0,0.0007058382,0.016245574,3.97861e-05,7.4476004e-05,9.23872e-07,2.2351742e-06,0.00012177229,1.4901161e-07,1.1920929e-07,1.1920929e-07,9.119511e-06,0.0
68,0.0006824136,2.9802322e-08,0.0008562505,0.009290636,3.1501055e-05,4.6908855e-05,3.5762787e-07,4.9471855e-06,5.4955482e-05,1.1920929e-07,2.0861626e-07,8.940697e-08,7.122755e-06,0.0
69,0.00025117397,0.0,0.00016713142,0.016496897,1.1444092e-05,5.4836273e-05,8.6426735e-07,1.6391277e-06,8.8483095e-05,5.662441e-07,2.207474e-08,5.1671158e-08,1.4393125e-06,0.0
70,0.00050109625,5.9604645e-08,0.00019666553,0.0069904923,1.5676022e-05,3.5732985e-05,5.066395e-07,3.7252903e-06,4.2021275e-05,1.7881393e-07,2.9802322e-08,2.0861626e-07,3.606081e-06,0.0
71,0.00092095137,0.0,0.00026008487,0.021337956,1.40964985e-05,4.130602e-05,1.013279e-06,3.516674e-06,0.00012364984,6.2584877e-07,0.0,8.940697e-08,1.5795231e-06,0.0
72,0.0005648136,0.0,0.00030750036,0.012154251,1.9878149e-05,5.364418e-05,7.1525574e-07,7.4505806e-06,5.13196e-05,2.3841858e-07,1.4901161e-07,8.940697e-08,6.4373016e-06,0.0
73,0.0004311502,0.0,0.00013938546,0.014169693,6.914139e-06,3.8176775e-05,6.2584877e-07,1.7881393e-06,5.5253506e-05,5.662441e-07,5.9604645e-08,0.0,7.1525574e-07,0.0
74,0.000706017,5.9604645e-08,0.00018197298,0.0071700513,6.1392784e-06,3.3050776e-05,3.874302e-07,2.771616e-06,3.105402e-05,1.1920929e-07,1.7881393e-07,0.0,1.9669533e-06,0.0
75,0.00036421418,0.0,0.0001771152,0.013193488,1.8298626e-05,7.1674585e-05,9.23872e-07,5.841255e-06,7.459521e-05,2.0861626e-07,2.9802322e-08,2.9802322e-07,4.7385693e-06,0.0
76,0.00031206012,0.0,0.00019657612,0.0074923635,1.1026859e-05,2.9206276e-05,3.5762787e-07,5.6922436e-06,3.1262636e-05,5.9604645e-08,2.0861626e-07,1.7881393e-07,3.6656857e-06,0.0
77,0.0008866191,0.0,0.00046256185,0.017904907,2.1517277e-05,4.7683716e-05,1.013279e-06,3.9041042e-06,0.000114023685,1.1026859e-06,2.9802322e-08,1.4901161e-07,2.4437904e-06,0.0
78,0.0011098087,8.940697e-08,0.0005220175,0.010476202,1.4603138e-05,3.194809e-05,5.066395e-07,2.3245811e-06,7.888675e-05,4.172325e-07,0.0,2.9802322e-08,2.0861626e-06,0.0
79,0.0010405779,0.0,0.00067678094,0.011173159,1.6212463e-05,2.8133392e-05,6.2584877e-07,4.172325e-06,9.498e-05,2.682209e-07,5.34157e-08,6.707028e-08,3.0547415e-06,0.0
80,0.00085937977,5.9604645e-08,0.0006418824,0.014330566,3.1232834e-05,4.249811e-05,1.0430813e-06,6.735325e-06,0.00015667081,3.5762787e-07,1.1920929e-07,3.5762787e-07,1.0550022e-05,0.0
81,0.00038293004,0.0,0.00017753243,0.010549396,7.2419643e-06,4.3958426e-05,6.556511e-07,6.020069e-06,4.7326088e-05,2.3841858e-07,1.1920929e-07,2.0861626e-07,3.606081e-06,0.0
82,0.000410825,8.940697e-08,0.0002233386,0.0054051876,1.0758638e-05,3.7819147e-05,2.9802322e-07,3.784895e-06,2.6494265e-05,8.940697e-08,1.1920929e-07,1.7881393e-07,3.8444996e-06,0.0
83,0.0010579526,2.9802322e-08,0.00048783422,0.017315447,8.672476e-06,2.6524067e-05,8.6426735e-07,1.2516975e-06,0.00015291572,4.7683716e-07,1.1920929e-07,2.9802322e-08,1.9967556e-06,0.0
84,0.00053846836,0.0,0.0002786219,0.009848118,3.6507845e-05,5.0604343e-05,5.364418e-07,5.2154064e-06,7.1406364e-05,5.9604645e-08,8.940697e-08,2.9802322e-08,3.2484531e-06,0.0
85,0.0013101101,0.0,0.00041368604,0.010295153,9.655952e-06,2.8640032e-05,4.7683716e-07,3.516674e-06,9.569526e-05,1.1920929e-07,1.1920929e-07,8.940697e-08,2.1755695e-06,0.0
86,0.00092050433,0.0,0.0006548166,0.007545352,1.680851e-05,3.8057566e-05,3.874302e-07,1.1026859e-06,9.196997e-05,8.940697e-08,2.9802322e-08,2.9802322e-08,3.4570694e-06,0.0
87,0.00090038776,5.9604645e-08,0.00041621923,0.013141543,1.2397766e-05,2.8461218e-05,7.1525574e-07,5.6922436e-06,0.00010082126,3.874302e-07,0.0,1.4901161e-07,1.4007092e-06,0.0
88,0.0016326904,0.0,0.00065258145,0.012253344,2.9563904e-05,3.6984682e-05,5.662441e-07,4.172325e-06,0.00014770031,2.682209e-07,1.4901161e-07,0.0,2.413988e-06,0.0
89,0.00071808696,0.0,0.00019806623,0.004326105,2.2679567e-05,4.8607588e-05,2.682209e-07,6.735325e-06,4.1782856e-05,5.9604645e-08,1.1587378e-07,6.845708e-08,3.233781e-06,0.0
90,0.00030505657,0.0,0.00021874905,0.006613523,2.4348497e-05,4.1395426e-05,2.0861626e-07,4.3809414e-06,2.6375055e-05,8.940697e-08,8.940697e-08,8.940697e-08,4.053116e-06,0.0
91,0.0002862215,0.0,0.0002321899,0.0059351027,7.5399876e-06,2.9027462e-05,2.0861626e-07,8.493662e-06,2.5510788e-05,1.1920929e-07,2.0861626e-07,2.3841858e-07,5.90086e-06,0.0
92,0.00087177753,0.0,0.00018009543,0.007403612,1.579523e-05,2.9176474e-05,4.4703484e-07,2.771616e-06,7.1406364e-05,1.7881393e-07,1.4901161e-07,5.9604645e-08,1.4901161e-06,0.0
93,0.0012037456,0.0,0.00038838387,0.008545756,8.672476e-06,2.4676323e-05,4.4703484e-07,2.0861626e-06,4.6372414e-05,5.9604645e-08,0.0,8.940697e-08,3.0398369e-06,0.0
94,0.0006674528,0.0,0.00024875998,0.004752636,1.0997057e-05,3.4570694e-05,2.682209e-07,4.142523e-06,3.08156e-05,8.940697e-08,1.4901161e-07,1.1920929e-07,5.1259995e-06,0.0
95,0.0004477203,1.4901161e-07,0.00042429566,0.009229451,1.3947487e-05,4.249811e-05,5.662441e-07,2.3543835e-06,4.5597553e-05,1.4901161e-07,1.1920929e-07,1.1920929e-07,4.5597553e-06,0.0
96,0.0011079609,8.940697e-08,0.00022110343,0.0064608157,2.7477741e-05,5.7429075e-05,5.066395e-07,8.076429e-06,4.544854e-05,1.7881393e-07,8.940697e-08,2.0861626e-07,5.811453e-06,0.0
97,0.00028410554,0.0,0.00019836426,0.0044775903,1.6003847e-05,3.6031008e-05,2.0861626e-07,4.2915344e-06,2.2858381e-05,0.0,5.9604645e-08,0.0,3.993511e-06,0.0
98,0.0007662475,2.9802322e-08,0.00017991662,0.0058119893,6.854534e-06,2.2828579e-05,2.9802322e-07,3.3676624e-06,3.516674e-05,2.0861626e-07,0.0,2.9802322e-08,1.3411045e-06,0.0
99,0.0004737079,8.940697e-08,0.0002552569,0.014332831,1.4424324e-05,4.810095e-05,9.23872e-07,4.7683716e-06,6.920099e-05,3.2782555e-07,1.0972782e-07,2.49063e-07,7.78466e-06,0.0
100,0.0005328357,0.0,0.00026285648,0.0055525005,1.40070915e-05,3.9964914e-05,2.0861626e-07,1.4364719e-05,3.156066e-05,0.0,1.7881393e-07,2.0861626e-07,5.066395e-06,0.0
101,0.00029590726,1.1920929e-07,0.00029158592,0.00574708,1.731515e-05,6.818771e-05,1.7881393e-07,6.645918e-06,2.2530556e-05,1.4901161e-07,1.1920929e-07,1.7881393e-07,6.1690807e-06,0.0
102,0.0003004372,0.0,0.00018337369,0.0066406727,1.3500452e-05,5.9872866e-05,2.682209e-07,3.2782555e-06,2.2888184e-05,1.1920929e-07,8.940697e-08,1.4901161e-07,4.1127205e-06,0.0
103,0.0005827546,0.0,0.0005415678,0.007528901,1.0251999e-05,3.412366e-05,3.5762787e-07,4.2021275e-06,4.824996e-05,1.1920929e-07,0.0,2.0861626e-07,8.225441e-06,0.0
104,0.0004656911,5.9604645e-08,0.00046551228,0.008626521,1.3768673e-05,4.6789646e-05,6.2584877e-07,3.0100346e-06,4.3094158e-05,2.9802322e-07,8.940697e-08,2.3841858e-07,5.096197e-06,0.0
105,0.0010231435,0.0,0.00025758147,0.008760035,2.9206276e-05,4.2676926e-05,5.662441e-07,1.2844801e-05,6.708503e-05,1.1920929e-07,2.0861626e-07,1.7881393e-07,4.5001507e-06,0.0
106,0.00085654855,8.940697e-08,0.00046548247,0.010727912,3.4332275e-05,7.399917e-05,8.34465e-07,4.5597553e-06,8.112192e-05,1.1920929e-07,1.1920929e-07,3.5762787e-07,1.2427568e-05,0.0
107,0.0003928244,8.940697e-08,0.00037276745,0.0062534213,1.0073185e-05,3.8594007e-05,2.9802322e-07,1.5199184e-06,2.8342009e-05,1.1920929e-07,0.0,1.4901161e-07,3.2782555e-06,0.0
108,0.00039574504,0.0,0.0002465248,0.0037292242,1.0043383e-05,4.3272972e-05,2.0861626e-07,3.1888485e-06,1.6123056e-05,0.0,8.940697e-08,1.1920929e-07,3.5762787e-06,0.0
109,0.0005194843,0.0,0.00039458275,0.014072508,1.5974045e-05,4.068017e-05,5.066395e-07,8.285046e-06,6.297231e-05,5.9604645e-08,9.43988e-08,1.8243625e-07,9.4697725e-06,0.0
110,0.00019219518,0.0,0.00015228987,0.007301599,8.910894e-06,2.7894974e-05,2.9802322e-07,3.9339066e-06,2.6524067e-05,0.0,1.1920929e-07,2.0861626e-07,3.6358833e-06,0.0
111,0.0006957054,0.0,0.0002962947,0.006910652,1.8000603e-05,4.4226646e-05,3.2782555e-07,1.2606382e-05,4.0739775e-05,1.1920929e-07,1.4901161e-07,1.7881393e-07,7.0035458e-06,0.0
112,0.0005091429,0.0,0.00032246113,0.014803469,1.3053417e-05,4.568696e-05,8.6426735e-07,4.708767e-06,8.08239e-05,6.854534e-07,8.940697e-08,1.4901161e-07,6.6161156e-06,0.0
113,0.0006044507,0.0,0.0012442768,0.008001953,1.1175871e-05,3.4570694e-05,3.2782555e-07,1.0579824e-05,4.810095e-05,1.1920929e-07,8.940697e-08,2.0861626e-07,1.1205673e-05,0.0
114,0.00025120378,0.0,0.0003605187,0.004783064,1.5884638e-05,3.5971403e-05,2.682209e-07,1.12354755e-05,2.5779009e-05,1.4901161e-07,1.7881393e-07,2.3841858e-07,6.556511e-06,0.0
115,0.00068202615,5.9604645e-08,0.00049328804,0.0075843036,6.377697e-06,2.8282404e-05,3.2782555e-07,3.1888485e-06,3.221631e-05,2.0861626e-07,5.9604645e-08,5.9604645e-08,5.0365925e-06,0.0
116,0.00044238567,0.0,0.00021728873,0.0049004257,8.136034e-06,3.7640333e-05,1.7881393e-07,2.1457672e-06,1.847744e-05,8.940697e-08,1.1920929e-07,8.940697e-08,3.3974648e-06,0.0
117,0.0013711452,0.0,0.0006503761,0.012622029,1.3202429e-05,2.8729439e-05,7.1525574e-07,1.847744e-06,0.00013065338,2.0861626e-07,5.9604645e-08,1.1920929e-07,2.0563602e-06,0.0
118,0.0005094707,0.0,0.00072839856,0.0110967755,1.642108e-05,4.7385693e-05,5.364418e-07,1.2844801e-05,5.209446e-05,1.1920929e-07,5.9604645e-08,4.172325e-07,2.0861626e-05,0.0
119,0.00021359324,0.0,7.542968e-05,0.0067481697,1.4394522e-05,5.1796436e-05,3.2782555e-07,6.824732e-06,4.091859e-05,1.4901161e-07,7.804441e-08,4.2847682e-07,8.730812e-06,0.0
120,0.00070920587,0.0,0.00029698014,0.0044060946,1.1056662e-05,3.1083822e-05,2.0861626e-07,3.516674e-06,2.4139881e-05,2.9802322e-08,1.1920929e-07,1.7881393e-07,4.261732e-06,0.0
121,0.0004131794,0.0,0.00044056773,0.0041175187,9.268522e-06,3.0487776e-05,1.4901161e-07,1.180172e-05,1.9878149e-05,1.1920929e-07,1.7881393e-07,2.682209e-07,1.7613173e-05,0.0
122,0.00043693185,0.0,0.00015255809,0.0072531104,2.3305416e-05,4.839897e-05,5.066395e-07,3.0398369e-06,4.4077635e-05,1.4901161e-07,1.7881393e-07,1.4901161e-07,7.480383e-06,0.0
123,0.00031495094,0.0,0.00027507544,0.008826137,1.3500452e-05,3.4838915e-05,4.4703484e-07,9.179115e-06,5.26309e-05,1.4901161e-07,5.9604645e-08,2.3841858e-07,8.255243e-06,0.0
124,0.00040504336,0.0,0.00029599667,0.007817328,2.3633242e-05,5.939603e-05,3.874302e-07,5.930662e-06,7.176399e-05,8.940697e-08,1.1920929e-07,4.172325e-07,1.54078e-05,0.0
125,0.0002731681,0.0,0.00014737248,0.004681617,9.268522e-06,4.2676926e-05,1.4901161e-07,4.053116e-06,1.5676022e-05,2.9802322e-08,8.940697e-08,1.7881393e-07,7.033348e-06,0.0
126,0.00056007504,0.0,0.00011768937,0.0057732165,9.775162e-06,3.5703182e-05,3.2782555e-07,2.6524067e-06,2.849102e-05,5.9604645e-08,8.940697e-08,1.4901161e-07,2.0861626e-06,0.0
127,0.0006753504,0.0,0.0003811121,0.0073773563,4.4196844e-05,6.508827e-05,3.2782555e-07,5.1259995e-06,3.799796e-05,5.9604645e-08,8.940697e-08,0.0,3.3974648e-06,0.0
128,0.00039169192,0.0,0.00020217896,0.006773114,5.3048134e-06,3.1471252e-05,2.0861626e-07,3.0696392e-06,1.9162893e-05,1.4901161e-07,1.4901161e-07,8.940697e-08,3.516674e-06,0.0
129,0.00054216385,0.0,0.00022181869,0.0056212246,2.6971102e-05,3.620982e-05,2.0861626e-07,4.61936e-06,3.1858683e-05,1.1920929e-07,8.5998316e-08,9.930398e-08,3.4348975e-06,0.0
130,0.0007625222,0.0,0.00040003657,0.009894401,1.6212463e-05,5.13196e-05,5.662441e-07,7.122755e-06,4.1484833e-05,1.7881393e-07,1.7881393e-07,1.7881393e-07,4.7385693e-06,0.0
131,0.00030243397,0.0,0.00023472309,0.021641076,6.645918e-06,5.635619e-05,7.748604e-07,4.053116e-06,9.924173e-05,4.172325e-07,5.9604645e-08,5.9604645e-08,2.6524067e-06,0.0
132,0.00073221326,0.0,0.0003118515,0.00802508,6.1392784e-06,3.093481e-05,4.172325e-07,2.1755695e-06,4.813075e-05,1.4901161e-07,0.0,1.1920929e-07,2.682209e-06,0.0
133,0.0002310276,0.0,0.00011110306,0.009402156,6.0796738e-06,3.552437e-05,4.7683716e-07,3.7252903e-06,4.0858984e-05,8.940697e-08,8.940697e-08,1.4901161e-07,4.7385693e-06,0.0
134,0.00043961406,0.0,0.00021830201,0.004703015,1.770258e-05,3.606081e-05,2.0861626e-07,7.390976e-06,3.4600496e-05,5.9604645e-08,1.7881393e-07,2.682209e-07,6.7949295e-06,0.0
135,0.0002937615,0.0,0.00020605326,0.009758621,2.3722649e-05,5.5462122e-05,4.4703484e-07,7.1525574e-06,6.455183e-05,1.4901161e-07,1.4901161e-07,4.172325e-07,9.655952e-06,0.0
136,0.0007073581,2.9802322e-08,0.001232028,0.0050715506,9.775162e-06,3.1024218e-05,2.0861626e-07,5.185604e-06,4.3928623e-05,5.9604645e-08,1.7881393e-07,5.9604645e-08,5.066395e-06,0.0
137,0.0003041923,0.0,0.0001578033,0.006064415,1.4275312e-05,3.167987e-05,2.9802322e-07,1.1116266e-05,3.0070543e-05,0.0,1.1920929e-07,1.1920929e-07,6.198883e-06,0.0
138,0.0006298125,0.0,0.0005119443,0.00811097,1.8417835e-05,5.2422285e-05,5.9604645e-07,8.791685e-06,4.735589e-05,5.9604645e-08,8.940697e-08,4.4703484e-07,1.3113022e-05,0.0
139,0.00030711293,0.0,0.00033217669,0.0077955723,9.775162e-06,4.929304e-05,4.172325e-07,2.413988e-06,3.245473e-05,2.3841858e-07,4.5975515e-08,1.9214865e-07,6.120647e-06,0.0
140,0.0010050535,0.0,0.00035208464,0.0071162283,6.28829e-06,3.9577484e-05,2.9802322e-07,1.3709068e-06,3.2007694e-05,1.7881393e-07,8.940697e-08,5.9604645e-08,3.427267e-06,0.0
141,0.00022211671,0.0,0.00014197826,0.008990973,8.523464e-06,3.4838915e-05,3.5762787e-07,3.33786e-06,3.504753e-05,2.9802322e-08,1.1920929e-07,1.4901161e-07,6.8843365e-06,0.0
142,0.00039312243,0.0,0.00021266937,0.007050097,1.8000603e-05,4.979968e-05,3.2782555e-07,5.155802e-06,3.257394e-05,1.4901161e-07,1.1920929e-07,2.3841858e-07,4.529953e-06,0.0
143,0.00064721704,0.0,0.00042539835,0.0067256093,9.983778e-06,3.710389e-05,2.3841858e-07,5.5134296e-06,3.0130148e-05,5.9604645e-08,8.940697e-08,5.9604645e-08,4.5895576e-06,0.0
144,0.0008740723,0.0,0.0011425912,0.007502079,2.6375055e-05,5.2541494e-05,3.5762787e-07,1.0550022e-05,6.210804e-05,1.1920929e-07,2.9802322e-08,1.4901161e-07,8.85129e-06,0.0
145,0.0002452135,0.0,0.00010544062,0.007785797,1.3828278e-05,2.720952e-05,3.5762787e-07,4.0233135e-06,3.656745e-05,5.9604645e-08,1.1920929e-07,2.9802322e-08,1.5199184e-06,0.0
146,0.00073602796,1.1920929e-07,0.0006559193,0.019860655,3.093481e-05,5.0723553e-05,1.1026859e-06,4.529953e-06,0.00010985136,1.013279e-06,5.9604645e-08,8.940697e-08,2.9206276e-06,0.0
147,0.0004643798,0.0,0.00018396974,0.0048164725,1.5676022e-05,3.6388636e-05,2.0861626e-07,1.2516975e-06,3.796816e-05,1.4901161e-07,8.940697e-08,2.9802322e-08,1.8179417e-06,0.0
148,0.000690341,0.0,0.00023168325,0.008361101,1.8924475e-05,6.3955784e-05,4.4703484e-07,2.2351742e-06,5.9485435e-05,1.7881393e-07,2.9802322e-08,2.9802322e-08,1.3411045e-06,0.0
149,0.0003437996,0.0,0.0001809895,0.01138103,2.6524067e-05,7.7039e-05,7.748604e-07,3.2186508e-06,6.905198e-05,1.7881393e-07,5.601784e-08,2.1472046e-07,5.7095303e-06,0.0
150,0.0007329583,8.940697e-08,0.0009583235,0.015720665,1.7255545e-05,4.4852495e-05,9.536743e-07,4.4703484e-06,0.00011458993,6.2584877e-07,5.9604645e-08,5.9604645e-08,8.46386e-06,0.0
151,0.0006002784,2.9802322e-08,0.0020583868,0.011686504,8.434057e-06,2.1129847e-05,6.2584877e-07,1.6391277e-06,5.4448843e-05,5.662441e-07,0.0,5.9604645e-08,3.784895e-06,0.0
152,0.0009769797,0.0,0.00014656782,0.00848034,1.2516975e-05,3.1024218e-05,5.662441e-07,1.9073486e-06,6.258488e-05,3.5762787e-07,8.940697e-08,1.4901161e-07,1.1026859e-06,0.0
153,0.0009903908,0.0,0.000905782,0.021680355,9.655952e-06,3.0845404e-05,8.046627e-07,4.2021275e-06,0.00012338161,4.4703484e-07,2.9802322e-08,2.9802322e-08,2.7120113e-06,0.0
154,0.000575155,8.940697e-08,0.00059729815,0.01666084,1.4126301e-05,2.0354986e-05,7.1525574e-07,2.3841858e-06,0.00013104081,8.6426735e-07,2.9802322e-08,2.9802322e-08,2.8908253e-06,0.0
155,0.0005695522,0.0,0.00043737888,0.014428943,1.49309635e-05,4.1425228e-05,4.7683716e-07,4.6789646e-06,5.0663948e-05,3.874302e-07,8.940697e-08,5.9604645e-08,1.1920929e-06,0.0
156,0.0004786551,2.9802322e-08,0.00057163835,0.020867616,1.3768673e-05,5.7131052e-05,8.046627e-07,5.3942204e-06,8.735061e-05,7.748604e-07,1.4901161e-07,8.940697e-08,4.082918e-06,0.0
157,0.00039875507,2.9802322e-08,0.00019931793,0.01976484,1.1652708e-05,3.632903e-05,1.0728836e-06,2.8908253e-06,0.00010359287,9.23872e-07,2.9802322e-08,0.0,1.7285347e-06,0.0
158,0.0007752776,0.0,0.0004544556,0.008602709,4.887581e-05,9.012222e-05,5.662441e-07,5.096197e-06,6.365776e-05,1.4901161e-07,5.9604645e-08,8.940697e-08,7.212162e-06,0.0
159,0.001024276,2.9802322e-08,0.00041791797,0.013842344,1.2844801e-05,4.7922134e-05,6.854534e-07,4.3809414e-06,6.9737434e-05,2.9802322e-07,4.0266947e-08,8.0826936e-08,3.3899105e-06,0.0
160,0.0006174147,2.9802322e-08,0.00042057037,0.006839305,5.811453e-06,1.9520521e-05,2.682209e-07,3.0696392e-06,4.1782856e-05,2.0861626e-07,2.9802322e-08,2.9802322e-08,1.5497208e-06,0.0
161,0.0008250475,2.9802322e-08,0.00030216575,0.013052762,1.1444092e-05,3.7670135e-05,7.1525574e-07,2.026558e-06,8.735061e-05,5.9604645e-07,1.1920929e-07,8.940697e-08,3.1888485e-06,0.0
162,0.0010332465,2.9802322e-08,0.00073191524,0.014487475,1.4275312e-05,3.787875e-05,7.1525574e-07,2.2053719e-06,0.00012424588,3.874302e-07,0.0,5.9604645e-08,2.9802322e-06,0.0
163,0.0011113286,5.9604645e-08,0.00063467026,0.015317053,9.268522e-06,2.9593706e-05,7.748604e-07,2.592802e-06,7.158518e-05,6.2584877e-07,0.0,2.9802322e-08,2.3841858e-06,0.0
164,0.001265496,0.0,0.0013079941,0.0085345805,6.2286854e-06,1.4603138e-05,2.0861626e-07,1.2814999e-06,9.319186e-05,2.682209e-07,5.9604645e-08,2.9802322e-08,1.7285347e-06,0.0
165,0.0012060702,2.9802322e-08,0.00017374754,0.011623353,1.5199184e-05,4.428625e-05,5.662441e-07,3.3974648e-06,6.407499e-05,4.4703484e-07,1.4901161e-07,5.9604645e-08,1.3113022e-06,0.0
166,0.0007715821,5.9604645e-08,0.00051638484,0.012676239,1.7225742e-05,3.4600496e-05,7.748604e-07,3.516674e-06,6.9230795e-05,8.34465e-07,5.9604645e-08,1.7881393e-07,2.95043e-06,0.0
167,0.0005528033,0.0,0.00033730268,0.0136218965,4.6908855e-05,5.8054924e-05,6.854534e-07,3.1590462e-06,8.8095665e-05,6.2584877e-07,1.1920929e-07,0.0,1.4901161e-06,0.0
168,0.000644058,0.0,0.00031027198,0.012447149,1.3947487e-05,4.014373e-05,6.2584877e-07,2.5629997e-06,5.760789e-05,4.4703484e-07,0.0,5.9604645e-08,2.115965e-06,0.0
169,0.0012564063,0.0,0.0004990399,0.0128982365,2.6017427e-05,5.8799982e-05,1.013279e-06,6.943941e-06,7.70092e-05,3.874302e-07,4.0543622e-08,8.802075e-08,2.9397345e-06,0.0
170,0.0014143884,0.0,0.0005456507,0.010043979,6.7055225e-06,2.2053719e-05,4.7683716e-07,2.7418137e-06,7.742643e-05,3.5762787e-07,2.9802322e-08,5.9604645e-08,2.8014183e-06,0.0
171,0.00087067485,5.9604645e-08,0.0007134974,0.014279872,1.9490719e-05,2.9981136e-05,6.854534e-07,1.1920929e-06,0.000109016895,7.1525574e-07,0.0,2.9802322e-08,1.6391277e-06,0.0
172,0.0005143583,0.0,0.00048148632,0.020069182,1.6599894e-05,5.930662e-05,8.6426735e-07,1.2040138e-05,0.00010702014,3.2782555e-07,8.940697e-08,1.1920929e-07,7.0631504e-06,0.0
173,0.0016092956,2.9802322e-08,0.00094506145,0.016760081,5.453825e-06,2.0056963e-05,7.748604e-07,1.013279e-06,0.00014057755,9.23872e-07,5.9604645e-08,0.0,1.1026859e-06,0.0
174,0.0009510815,5.9604645e-08,0.00052446127,0.019784033,1.0430813e-05,3.8266182e-05,1.1622906e-06,2.1755695e-06,0.0001181066,8.046627e-07,1.1920929e-07,5.9604645e-08,2.7418137e-06,0.0
175,0.0005686581,0.0,0.00011456013,0.00653255,4.7385693e-06,2.1904707e-05,5.662441e-07,2.6524067e-06,8.1926584e-05,1.7881393e-07,8.940697e-08,0.0,1.4305115e-06,0.0
176,0.00066676736,5.9604645e-08,0.00053167343,0.016955495,3.233552e-05,5.722046e-05,1.1026859e-06,4.529953e-06,0.00014552474,6.2584877e-07,1.1920929e-07,1.1920929e-07,7.1525574e-06,0.0
177,0.0006855428,0.0,0.0005810559,0.01348418,2.2500753e-05,3.322959e-05,6.2584877e-07,3.0696392e-06,7.945299e-05,1.013279e-06,0.0,8.940697e-08,1.3709068e-06,0.0
178,0.0011489093,0.0,0.0010756552,0.01489833,1.218915e-05,3.5762787e-05,7.1525574e-07,1.9669533e-06,0.0001206696,6.854534e-07,5.9604645e-08,1.4901161e-07,2.3245811e-06,0.0
179,0.0009892881,0.0,0.0006471276,0.018754095,1.2904406e-05,3.886223e-05,1.1026859e-06,4.351139e-06,0.0001296401,8.046627e-07,4.7962423e-08,7.704546e-08,3.1971858e-06,0.0
180,0.00036552548,5.9604645e-08,0.00021734834,0.018990934,1.2546778e-05,3.59118e-05,9.834766e-07,5.0365925e-06,9.8377466e-05,5.066395e-07,5.9604645e-08,5.9604645e-08,2.3543835e-06,0.0
181,0.00087991357,2.9802322e-08,0.00044736266,0.015410811,7.1525574e-06,2.9444695e-05,7.748604e-07,2.6226044e-06,0.00010240078,4.172325e-07,2.9802322e-08,5.9604645e-08,2.2351742e-06,0.0
182,0.00042444468,5.9604645e-08,0.00046819448,0.018550575,4.4107437e-06,1.9192696e-05,7.748604e-07,2.3543835e-06,9.152293e-05,5.662441e-07,5.9604645e-08,2.9802322e-08,3.0398369e-06,0.0
183,0.0006392002,0.0,0.0008651316,0.011418551,2.7090311e-05,5.64456e-05,5.364418e-07,1.9073486e-06,9.307265e-05,2.3841858e-07,8.940697e-08,1.1920929e-07,4.7385693e-06,0.0
184,0.00055623055,0.0,0.00017338991,0.0064052343,2.2530556e-05,4.0262938e-05,2.682209e-07,1.3381243e-05,4.2915344e-05,2.9802322e-08,3.2782555e-07,2.9802322e-08,3.4570694e-06,0.0
185,0.0008530915,0.0,0.0002681911,0.01252228,2.7865171e-05,5.1110983e-05,7.1525574e-07,2.4914742e-05,0.00012037158,2.682209e-07,1.4007092e-06,5.9604645e-08,5.6922436e-06,0.0
186,0.0008240938,0.0,0.00030693412,0.0076626837,1.0073185e-05,3.4034252e-05,3.874302e-07,1.1146069e-05,5.1617622e-05,5.9604645e-08,2.0861626e-07,5.9604645e-08,4.6789646e-06,0.0
187,0.0013607442,0.0,0.00037831068,0.008526653,1.129508e-05,2.3573637e-05,2.682209e-07,1.5437603e-05,4.2289495e-05,1.1920929e-07,2.9802322e-07,1.1920929e-07,1.4603138e-06,0.0
188,0.00080513954,0.0,0.00048735738,0.010511547,2.2739172e-05,3.9041042e-05,4.7683716e-07,1.1742115e-05,5.6773424e-05,1.7881393e-07,2.9802322e-07,5.9604645e-08,7.599592e-06,0.0
189,0.0004388988,0.0,0.0002040267,0.0102184415,7.7188015e-06,3.516674e-05,3.874302e-07,1.2606382e-05,4.3570995e-05,1.1920929e-07,2.4219202e-07,1.250011e-07,4.551814e-06,0.0
190,0.00074085593,2.9802322e-08,0.0003800094,0.0069759786,1.0877848e-05,2.5689602e-05,2.3841858e-07,5.6922436e-06,4.1157007e-05,1.1920929e-07,5.9604645e-08,1.1920929e-07,2.8014183e-06,0.0
191,0.0007042885,0.0,0.00044077635,0.015311003,1.7821789e-05,5.0395727e-05,8.34465e-07,2.2470951e-05,0.00012248755,3.5762787e-07,7.748604e-07,5.9604645e-08,4.4107437e-06,0.0
192,0.0002847612,0.0,0.00020840764,0.0078021884,8.34465e-06,2.783537e-05,2.9802322e-07,2.3543835e-06,2.4676323e-05,1.4901161e-07,1.1920929e-07,8.940697e-08,2.5629997e-06,0.0
193,0.00083088875,0.0,0.0003143847,0.013686955,9.685755e-06,3.1232834e-05,4.172325e-07,8.970499e-06,6.982684e-05,2.0861626e-07,6.2584877e-07,5.9604645e-08,2.3841858e-06,0.0
194,0.0005398989,0.0,0.00019541383,0.008536547,1.090765e-05,5.158782e-05,3.2782555e-07,1.3202429e-05,3.6895275e-05,2.0861626e-07,2.3841858e-07,0.0,3.695488e-06,0.0
195,0.0010920167,0.0,0.00041142106,0.008899987,2.5600195e-05,3.0428171e-05,4.4703484e-07,9.357929e-06,6.4611435e-05,2.0861626e-07,2.0861626e-07,8.940697e-08,3.993511e-06,0.0
196,0.0011348724,0.0,0.0009762347,0.009582639,2.5600195e-05,3.990531e-05,4.7683716e-07,1.1861324e-05,7.4893236e-05,1.1920929e-07,1.1920929e-07,1.4901161e-07,7.4505806e-06,0.0
197,0.0003886819,0.0,0.00022307038,0.006984383,9.804964e-06,4.61936e-05,2.9802322e-07,4.917383e-06,2.4527311e-05,5.9604645e-08,2.3841858e-07,1.7881393e-07,6.8843365e-06,0.0
198,0.002087742,5.9604645e-08,0.0003797114,0.009658575,1.3381243e-05,2.6911497e-05,3.874302e-07,5.275011e-06,6.368756e-05,2.3841858e-07,1.4901161e-07,2.9802322e-08,1.2218952e-06,0.0
199,0.0013133883,0.0,0.00043076277,0.0087758005,1.0818243e-05,2.2649765e-05,2.682209e-07,1.013279e-05,5.942583e-05,8.940697e-08,1.7990116e-07,2.1732461e-08,1.7312873e-06,0.0
200,0.00038444996,2.9802322e-08,0.0004055202,0.006720066,7.897615e-06,2.8043985e-05,2.3841858e-07,1.5497208e-06,2.5600195e-05,1.7881393e-07,0.0,1.1920929e-07,4.61936e-06,0.0
201,0.00044327974,0.0,0.00011354685,0.0064073205,1.1950731e-05,3.287196e-05,4.172325e-07,5.155802e-06,3.7133694e-05,0.0,5.9604645e-08,1.4901161e-07,3.4868717e-06,0.0
202,0.00038799644,0.0,0.0004440248,0.007530719,1.680851e-05,3.72231e-05,2.682209e-07,8.314848e-06,4.4703484e-05,5.9604645e-08,2.0861626e-07,1.1920929e-07,1.0073185e-05,0.0
203,0.0005661249,0.0,0.000261724,0.0068948567,2.0802021e-05,3.889203e-05,2.682209e-07,1.8894672e-05,4.4822693e-05,1.4901161e-07,2.9802322e-07,2.0861626e-07,8.285046e-06,0.0
204,0.00074610114,0.0,0.0007146299,0.0062228143,2.1368265e-05,3.4451485e-05,2.0861626e-07,1.1503696e-05,3.1530857e-05,8.940697e-08,8.940697e-08,2.9802322e-08,7.56979e-06,0.0
205,0.0005606115,0.0,0.0003771484,0.006155461,4.082918e-05,4.068017e-05,2.0861626e-07,1.5258789e-05,3.0428171e-05,0.0,2.3841858e-07,8.940697e-08,4.3213367e-06,0.0
206,0.00067842007,0.0,0.00040116906,0.009129465,2.2113323e-05,4.503131e-05,3.5762787e-07,7.778406e-06,5.030632e-05,1.4901161e-07,2.0861626e-07,1.1920929e-07,7.5399876e-06,0.0
207,0.0016434491,1.4901161e-07,0.00047016144,0.012203306,1.1712313e-05,2.9236078e-05,5.662441e-07,1.013279e-05,7.247925e-05,8.940697e-08,2.3841858e-07,0.0,2.4437904e-06,0.0
208,0.00048282743,0.0,0.0003157854,0.005490124,2.3066998e-05,3.59118e-05,2.0861626e-07,1.257658e-05,3.2156706e-05,2.9802322e-08,2.9802322e-07,1.1920929e-07,4.887581e-06,0.0
209,0.0020034611,0.0,0.0007084608,0.008933842,1.296401e-05,2.5779009e-05,3.874302e-07,9.924173e-06,6.142259e-05,5.9604645e-08,1.0420255e-07,7.997705e-08,4.5481734e-06,0.0
210,0.0007826388,5.9604645e-08,0.0006273389,0.0074367225,2.5898218e-05,3.0070543e-05,3.5762787e-07,1.3142824e-05,4.184246e-05,5.9604645e-08,1.7881393e-07,1.4901161e-07,6.109476e-06,0.0
211,0.0010819137,0.0,0.0008779764,0.013391674,1.21593475e-05,3.7372112e-05,5.662441e-07,5.2452087e-06,7.611513e-05,4.7683716e-07,1.7881393e-07,2.9802322e-08,3.6656857e-06,0.0
212,0.0006365776,2.9802322e-08,0.00043860078,0.0074409544,4.646182e-05,6.574392e-05,3.2782555e-07,1.3619661e-05,5.555153e-05,5.9604645e-08,2.9802322e-07,8.940697e-08,7.033348e-06,0.0
213,0.0003735721,0.0,0.00018918514,0.0051406324,1.6748905e-05,5.3077936e-05,2.0861626e-07,4.529953e-06,2.8640032e-05,0.0,1.7881393e-07,1.7881393e-07,8.434057e-06,0.0
214,0.0010460019,0.0,0.0005199313,0.009833097,1.9103289e-05,4.2676926e-05,4.4703484e-07,6.824732e-06,6.258488e-05,2.0861626e-07,8.940697e-08,1.1920929e-07,8.255243e-06,0.0
215,0.00046369433,2.9802322e-08,0.00024801493,0.0071946383,8.016825e-06,4.0471554e-05,4.4703484e-07,2.0861626e-06,4.1007996e-05,1.1920929e-07,8.940697e-08,1.1920929e-07,4.0233135e-06,0.0
216,0.00082957745,0.0,0.00066384673,0.013097078,1.8775463e-05,5.403161e-05,5.066395e-07,1.8239021e-05,5.3584576e-05,2.3841858e-07,2.682209e-07,5.9604645e-08,8.136034e-06,0.0
217,0.0004425645,0.0,0.0002810955,0.013873756,1.4454126e-05,4.681945e-05,6.2584877e-07,4.827976e-06,7.036328e-05,1.7881393e-07,8.940697e-08,2.3841858e-07,1.0788441e-05,0.0
218,0.00047150254,0.0,0.00017133355,0.0051973164,5.888939e-05,6.905198e-05,3.5762787e-07,4.6491623e-06,5.8174133e-05,8.940697e-08,1.7881393e-07,1.7881393e-07,4.3809414e-06,0.0
219,0.0010230243,8.940697e-08,0.0009264052,0.014481813,2.0861626e-05,3.629923e-05,7.748604e-07,6.556511e-06,0.00010988116,3.874302e-07,1.9881858e-07,9.911928e-08,7.769767e-06,0.0
220,0.0011372566,0.0,0.0004760921,0.017765611,2.6583672e-05,5.438924e-05,6.556511e-07,1.6540289e-05,8.5383654e-05,3.5762787e-07,1.1920929e-07,5.9604645e-08,2.4437904e-06,0.0
221,0.00054705143,0.0,0.00021618605,0.011234462,1.809001e-05,4.5597553e-05,5.066395e-07,1.5109777e-05,5.632639e-05,1.1920929e-07,8.940697e-08,1.1920929e-07,5.066395e-06,0.0
222,0.0015313923,0.0,0.00087305903,0.010550737,8.404255e-06,1.8060207e-05,3.874302e-07,2.1755695e-06,8.5383654e-05,3.2782555e-07,2.9802322e-08,0.0,1.5795231e-06,0.0
223,0.0006496906,0.0,0.00049337745,0.006211877,2.2768974e-05,3.758073e-05,2.682209e-07,2.1666288e-05,3.3527613e-05,5.9604645e-08,2.0861626e-07,8.940697e-08,5.00679e-06,0.0
224,0.00035381317,0.0,0.00016584992,0.0061802864,4.798174e-06,2.5987625e-05,1.7881393e-07,4.4107437e-06,2.1338463e-05,5.9604645e-08,8.940697e-08,2.0861626e-07,3.0100346e-06,0.0
225,0.00056931376,0.0,0.00026330352,0.0072169006,3.454089e-05,5.0753355e-05,2.682209e-07,5.6922436e-06,5.0216913e-05,2.3841858e-07,1.1920929e-07,8.940697e-08,3.695488e-06,0.0
226,0.00040400028,0.0,0.00025832653,0.008035481,1.8179417e-05,2.9861927e-05,3.5762787e-07,1.7285347e-05,4.720688e-05,8.940697e-08,2.0861626e-07,8.940697e-08,4.61936e-06,0.0
227,0.0003374517,0.0,0.00018620491,0.0067631304,1.6391277e-05,5.4210424e-05,3.5762787e-07,6.9737434e-06,3.412366e-05,1.7881393e-07,1.1920929e-07,2.3841858e-07,5.5730343e-06,0.0
228,0.000654757,0.0,0.00037413836,0.015790164,9.953976e-06,5.1945448e-05,5.9604645e-07,8.225441e-06,6.854534e-05,1.4901161e-07,5.9604645e-08,5.9604645e-08,4.61936e-06,0.0
229,0.0010457933,5.9604645e-08,0.0006890893,0.010086,2.732873e-05,3.5494566e-05,5.066395e-07,1.2367964e-05,8.6039305e-05,1.7881393e-07,1.5462271e-07,4.7881255e-08,5.020793e-06,0.0
230,0.0008594692,0.0,0.00034183264,0.015192658,2.0086765e-05,3.167987e-05,5.662441e-07,3.4868717e-06,0.00014284253,2.9802322e-07,1.1920929e-07,2.9802322e-08,2.3543835e-06,0.0
231,0.0007700026,0.0,0.00043812394,0.007403761,2.488494e-05,3.093481e-05,3.874302e-07,4.887581e-06,6.851554e-05,2.3841858e-07,2.3841858e-07,8.940697e-08,6.5863132e-06,0.0
232,0.0007869303,0.0,0.00034293532,0.0074530244,1.0788441e-05,4.029274e-05,4.172325e-07,4.827976e-06,2.9593706e-05,1.7881393e-07,1.1920929e-07,1.4901161e-07,4.261732e-06,0.0
233,0.0003555417,0.0,0.00029367208,0.006593406,2.503395e-06,2.631545e-05,2.0861626e-07,2.861023e-06,1.296401e-05,1.4901161e-07,8.940697e-08,1.1920929e-07,2.7120113e-06,0.0
234,0.00044852495,8.940697e-08,0.00054329634,0.0052293837,2.95043e-06,2.259016e-05,1.1920929e-07,4.440546e-06,1.7940998e-05,1.4901161e-07,2.9802322e-08,8.940697e-08,2.503395e-06,0.0
235,0.0007112622,8.940697e-08,0.0015676916,0.009696215,1.937151e-05,5.966425e-05,4.172325e-07,5.3942204e-06,4.157424e-05,2.0861626e-07,2.9802322e-08,1.4901161e-07,7.0631504e-06,0.0
236,0.0005091429,2.9802322e-08,0.00022995472,0.006392896,2.2411346e-05,4.5746565e-05,3.5762787e-07,4.172325e-06,4.3541193e-05,5.9604645e-08,1.1920929e-07,1.4901161e-07,8.255243e-06,0.0
237,0.0007432997,0.0,0.00049224496,0.0071193874,3.1620264e-05,4.4852495e-05,3.5762787e-07,6.4373016e-06,4.6521425e-05,8.940697e-08,1.1920929e-07,1.7881393e-07,1.0341406e-05,0.0
238,0.0005379915,0.0,0.00024810433,0.005985588,1.2069941e-05,3.6776066e-05,2.9802322e-07,1.4901161e-06,2.8401613e-05,8.940697e-08,8.940697e-08,5.9604645e-08,2.4437904e-06,0.0
239,0.0005452037,8.940697e-08,0.00031119585,0.006076753,1.5079975e-05,4.1246414e-05,2.9802322e-07,2.1755695e-06,2.82228e-05,5.9604645e-08,5.4867133e-08,1.2554145e-07,3.209044e-06,0.0
240,0.0005173981,5.9604645e-08,0.00031921268,0.0059737265,7.122755e-06,4.440546e-05,2.0861626e-07,3.784895e-06,1.6778708e-05,5.9604645e-08,1.4901161e-07,8.940697e-08,4.7385693e-06,0.0
241,0.00073727965,0.0,0.00040754676,0.009098202,2.7775764e-05,5.8084726e-05,5.662441e-07,1.552701e-05,5.5998564e-05,1.1920929e-07,1.7881393e-07,2.0861626e-07,6.914139e-06,0.0
242,0.00034213066,2.9802322e-08,0.00025591254,0.0051553547,9.924173e-06,3.6895275e-05,2.0861626e-07,3.3974648e-06,1.6152859e-05,1.4901161e-07,1.7881393e-07,1.4901161e-07,6.2584877e-06,0.0
243,0.0003401339,0.0,0.0003337264,0.0063595474,1.9133091e-05,4.5597553e-05,2.9802322e-07,1.758337e-06,2.9683113e-05,8.940697e-08,5.9604645e-08,1.4901161e-07,3.695488e-06,0.0
244,0.0005572736,8.940697e-08,0.00027695298,0.00680089,1.04904175e-05,3.3289194e-05,2.682209e-07,5.9604645e-06,2.6971102e-05,1.7881393e-07,5.9604645e-08,1.1920929e-07,3.516674e-06,0.0
245,0.00036859512,0.0,0.00012993813,0.0057534575,4.887581e-06,3.9219856e-05,2.3841858e-07,4.172325e-06,1.54078e-05,5.9604645e-08,8.940697e-08,8.940697e-08,2.6524067e-06,0.0
246,0.0008441806,0.0,0.0013178885,0.008579791,1.4215708e-05,3.501773e-05,3.5762787e-07,7.897615e-06,4.389882e-05,1.1920929e-07,8.940697e-08,1.1920929e-07,9.655952e-06,0.0
247,0.0005160272,2.9802322e-08,0.0003311038,0.007734239,2.4020672e-05,5.6415796e-05,4.4703484e-07,4.082918e-06,3.9577484e-05,1.7881393e-07,1.1920929e-07,1.4901161e-07,4.7683716e-06,0.0
248,0.00089904666,1.4901161e-07,0.0004414916,0.008613378,1.4543533e-05,5.248189e-05,5.066395e-07,3.4868717e-06,5.221367e-05,1.1920929e-07,1.4901161e-07,1.4901161e-07,4.6491623e-06,0.0
249,0.00041270256,2.9802322e-08,0.00018933415,0.0065953135,3.7550926e-06,2.4706125e-05,2.9802322e-07,1.1026859e-06,1.9699335e-05,1.1920929e-07,2.0018705e-08,4.4682018e-08,1.9801205e-06,0.0
250,0.0006464422,2.9802322e-08,0.0008314848,0.020206839,2.092123e-05,4.4852495e-05,1.5497208e-06,6.0498714e-06,0.0001475811,1.013279e-06,5.9604645e-08,2.682209e-07,8.612871e-06,0.0
251,0.00059092045,8.940697e-08,0.0004066825,0.009518236,2.092123e-05,5.093217e-05,5.066395e-07,2.8312206e-06,5.3077936e-05,1.4901161e-07,5.9604645e-08,5.9604645e-08,4.4703484e-06,0.0
252,0.0005259812,5.9604645e-08,0.00023674965,0.007964343,1.3887882e-05,3.71933e-05,2.9802322e-07,3.9041042e-06,3.72231e-05,8.940697e-08,5.9604645e-08,0.0,2.413988e-06,0.0
253,0.00033399463,2.9802322e-08,0.0006092191,0.0060515404,5.3942204e-06,2.9414892e-05,2.3841858e-07,2.6226044e-06,1.7225742e-05,8.940697e-08,5.9604645e-08,5.9604645e-08,3.2782555e-06,0.0
254,0.000800699,2.9802322e-08,0.00048455596,0.010861486,3.9696693e-05,7.477403e-05,5.662441e-07,1.0460615e-05,5.7131052e-05,1.4901161e-07,2.3841858e-07,1.4901161e-07,7.4505806e-06,0.0
255,0.00044244528,2.9802322e-08,0.00015243888,0.006217599,7.301569e-06,3.6120415e-05,3.2782555e-07,8.046627e-07,2.8729439e-05,2.3841858e-07,8.940697e-08,5.9604645e-08,8.34465e-07,0.0
256,0.00024178624,0.0,0.00022131205,0.005351573,6.467104e-06,3.59118e-05,1.4901161e-07,2.771616e-06,1.5735626e-05,1.1920929e-07,2.9802322e-08,2.9802322e-08,2.8908253e-06,0.0
257,0.0011669993,0.0,0.0007618964,0.011098117,9.715557e-06,3.20971e-05,5.066395e-07,7.897615e-06,9.2089176e-05,4.172325e-07,0.0,5.9604645e-08,2.3245811e-06,0.0
258,0.0006452799,1.1920929e-07,0.00023314357,0.011945367,6.4074993e-06,2.2232533e-05,5.9604645e-07,2.2351742e-06,6.443262e-05,2.682209e-07,0.0,8.940697e-08,1.9073486e-06,0.0
259,0.00044196844,8.940697e-08,0.00015693903,0.009347796,1.591444e-05,6.4343214e-05,3.2782555e-07,5.7816505e-06,3.7252903e-05,5.9604645e-08,7.4457425e-08,1.0779592e-07,5.347444e-06,0.0
260,0.0008048117,1.1920929e-07,0.0006676018,0.009434134,2.3514032e-05,3.84748e-05,4.4703484e-07,2.3245811e-06,6.9618225e-05,2.3841858e-07,5.9604645e-08,1.1920929e-07,6.4969063e-06,0.0
261,0.0007828176,0.0,0.000261873,0.007722378,1.680851e-05,2.8133392e-05,3.874302e-07,5.930662e-06,3.749132e-05,2.3841858e-07,1.7881393e-07,1.4901161e-07,3.0696392e-06,0.0
262,0.00030070543,0.0,0.00019326806,0.004879445,1.0043383e-05,4.0084124e-05,2.0861626e-07,2.861023e-06,2.3722649e-05,2.9802322e-08,2.0861626e-07,2.3841858e-07,4.529953e-06,0.0
263,0.00057440996,0.0,0.00018662214,0.007076174,2.05338e-05,5.2690506e-05,3.2782555e-07,2.9802322e-06,4.1931868e-05,1.1920929e-07,8.940697e-08,5.9604645e-08,4.827976e-06,0.0
264,0.00031155348,1.1920929e-07,0.00035995245,0.014137894,6.67572e-06,2.4706125e-05,5.066395e-07,1.5795231e-06,6.169081e-05,2.682209e-07,2.9802322e-08,8.940697e-08,1.7881393e-06,0.0
265,0.0006093979,0.0,0.0002747476,0.009439349,1.3768673e-05,3.9070845e-05,5.662441e-07,2.115965e-06,5.4121017e-05,1.4901161e-07,0.0,1.1920929e-07,5.0365925e-06,0.0
266,0.000510782,8.940697e-08,0.00036293268,0.007160753,2.5868416e-05,4.005432e-05,4.172325e-07,4.1127205e-06,3.939867e-05,2.3841858e-07,8.940697e-08,1.7881393e-07,4.917383e-06,0.0
267,0.0005233288,2.9802322e-08,0.00027370453,0.007571161,2.1189451e-05,2.6404858e-05,2.682209e-07,5.632639e-06,4.7177076e-05,5.9604645e-08,1.1920929e-07,2.9802322e-08,3.9041042e-06,0.0
268,0.00044450164,8.940697e-08,0.0008175373,0.0067988634,1.5735626e-05,2.655387e-05,2.0861626e-07,4.440546e-06,3.299117e-05,8.940697e-08,5.9604645e-08,5.9604645e-08,6.020069e-06,0.0
269,0.0005142689,1.1920929e-07,0.0004887283,0.010176927,9.4771385e-06,3.5613775e-05,5.066395e-07,3.516674e-06,4.348159e-05,2.0861626e-07,4.050976e-08,9.780992e-08,3.7434663e-06,0.0
270,0.0003399849,1.7881393e-07,0.00032502413,0.007042587,4.053116e-06,2.3275614e-05,2.682209e-07,1.66893e-06,1.9222498e-05,8.940697e-08,8.940697e-08,0.0,2.3245811e-06,0.0
271,0.00052660704,5.9604645e-08,0.0003579557,0.007267505,1.7255545e-05,4.2825937e-05,2.682209e-07,3.1888485e-06,3.4689903e-05,8.940697e-08,5.9604645e-08,1.4901161e-07,4.172325e-06,0.0
272,0.0007469058,0.0,0.00038951635,0.0062651634,6.341934e-05,6.136298e-05,4.4703484e-07,4.5895576e-06,6.660819e-05,5.9604645e-08,1.4901161e-07,1.1920929e-07,8.314848e-06,0.0
273,0.00056654215,0.0,0.00014570355,0.005636722,1.3560057e-05,4.2676926e-05,2.682209e-07,7.480383e-06,2.270937e-05,0.0,1.1920929e-07,1.1920929e-07,4.6491623e-06,0.0
274,0.0010952353,0.0,0.0004772544,0.0093717575,2.43783e-05,4.9054623e-05,4.7683716e-07,2.1070242e-05,6.7174435e-05,1.1920929e-07,1.1920929e-07,0.0,3.33786e-06,0.0
275,0.0006417036,0.0,0.0010035634,0.009998679,1.4513731e-05,3.9815903e-05,4.172325e-07,4.053116e-06,4.529953e-05,3.5762787e-07,5.9604645e-08,8.940697e-08,3.3676624e-06,0.0
276,0.0009177625,0.0,0.0015394092,0.007876903,1.2606382e-05,3.376603e-05,5.066395e-07,5.6922436e-06,4.8965216e-05,2.3841858e-07,5.9604645e-08,1.1920929e-07,8.523464e-06,0.0
277,0.00045195222,2.9802322e-08,0.00019678473,0.005517632,2.7239323e-05,5.26309e-05,2.682209e-07,4.172325e-06,4.261732e-05,5.9604645e-08,5.9604645e-08,5.9604645e-08,3.993511e-06,0.0
278,0.0006775558,2.9802322e-08,0.0006675422,0.018840283,1.385808e-05,5.2392483e-05,9.834766e-07,2.3841858e-06,0.00014066696,3.5762787e-07,5.9604645e-08,5.9604645e-08,7.5399876e-06,0.0
279,0.00039857626,0.0,0.00019305944,0.008571804,1.6182661e-05,4.184246e-05,4.4703484e-07,1.001358e-05,4.312396e-05,1.7881393e-07,1.3393915e-07,2.7071212e-07,1.0444494e-05,0.0
280,0.0008895695,0.0,0.00051501393,0.00858736,1.642108e-05,4.2706728e-05,3.2782555e-07,1.9967556e-06,6.276369e-05,2.3841858e-07,8.940697e-08,8.940697e-08,2.4735928e-06,0.0
281,0.00048100948,0.0,0.0003784001,0.0054198205,1.5288591e-05,4.2289495e-05,1.4901161e-07,7.0035458e-06,2.1755695e-05,2.9802322e-08,8.940697e-08,8.940697e-08,8.493662e-06,0.0
282,0.00026732683,0.0,0.00010573864,0.0068805814,8.285046e-06,4.133582e-05,2.9802322e-07,3.5762787e-06,2.0056963e-05,5.9604645e-08,1.4901161e-07,1.1920929e-07,4.4703484e-06,0.0
283,0.0008408427,5.9604645e-08,0.00079223514,0.010106802,7.891655e-05,9.0032816e-05,5.066395e-07,1.591444e-05,7.870793e-05,1.4901161e-07,5.9604645e-08,1.1920929e-07,7.897615e-06,0.0
284,0.0006081164,0.0,0.00020745397,0.007801026,1.7225742e-05,3.0249357e-05,3.5762787e-07,1.052022e-05,5.4627657e-05,1.1920929e-07,2.682209e-07,8.940697e-08,3.516674e-06,0.0
285,0.0004541576,0.0,0.00029808283,0.010074854,2.1278858e-05,5.429983e-05,4.4703484e-07,6.2286854e-06,3.9339066e-05,2.0861626e-07,8.940697e-08,1.4901161e-07,7.1525574e-06,0.0
286,0.0010329485,2.9802322e-08,0.0010501444,0.0103931725,3.7431717e-05,4.1902065e-05,4.4703484e-07,4.5895576e-06,9.691715e-05,1.4901161e-07,1.4901161e-07,5.9604645e-08,9.775162e-06,0.0
287,0.00093895197,0.0,0.000557065,0.014037102,1.8656254e-05,5.683303e-05,9.23872e-07,1.7791986e-05,0.000115484,2.3841858e-07,8.940697e-08,1.7881393e-07,5.930662e-06,0.0
288,0.00048419833,0.0,0.0006378889,0.017589092,1.2457371e-05,4.684925e-05,5.662441e-07,1.2844801e-05,6.902218e-05,2.3841858e-07,8.940697e-08,5.9604645e-08,9.447336e-06,0.0
289,0.00029948354,0.0,0.00013825297,0.006502092,1.513958e-05,4.2527914e-05,2.9802322e-07,6.8843365e-06,2.95043e-05,8.940697e-08,6.880672e-08,1.2574287e-07,4.61567e-06,0.0
290,0.0005955994,0.0,0.001211375,0.008323997,3.46303e-05,3.552437e-05,4.172325e-07,6.854534e-06,6.3568354e-05,1.1920929e-07,1.1920929e-07,1.4901161e-07,1.3828278e-05,0.0
291,0.0010701716,0.0,0.0006631315,0.011543959,2.1904707e-05,3.7670135e-05,3.5762787e-07,2.6524067e-06,7.0244074e-05,8.940697e-08,2.9802322e-08,0.0,7.6293945e-06,0.0
292,0.0008238852,0.0,0.0004362464,0.0068008006,1.1146069e-05,3.3825636e-05,2.682209e-07,8.791685e-06,3.8295984e-05,5.9604645e-08,1.7881393e-07,1.7881393e-07,9.596348e-06,0.0
293,0.00043720007,0.0,0.0001912415,0.0049645305,2.0742416e-05,5.2541494e-05,2.3841858e-07,4.5001507e-06,4.005432e-05,0.0,1.7881393e-07,2.0861626e-07,8.255243e-06,0.0
294,0.00072544813,5.9604645e-08,0.00029939413,0.0075508654,2.1755695e-05,4.8190355e-05,3.874302e-07,6.4074993e-06,4.9352646e-05,5.9604645e-08,2.0861626e-07,2.3841858e-07,9.030104e-06,0.0
295,0.0004542172,0.0,0.00030872226,0.0058915317,1.3887882e-05,4.133582e-05,2.0861626e-07,8.076429e-06,2.232194e-05,1.4901161e-07,1.4901161e-07,2.0861626e-07,9.387732e-06,0.0
296,0.00069129467,0.0,0.00062665343,0.007953227,2.7745962e-05,3.2275915e-05,4.4703484e-07,4.2021275e-06,5.77271e-05,1.7881393e-07,5.9604645e-08,2.3841858e-07,6.4373016e-06,0.0
297,0.0006070733,0.0,0.00027635694,0.008318156,3.8027763e-05,4.9561262e-05,5.662441e-07,7.301569e-06,7.495284e-05,8.940697e-08,1.7881393e-07,2.3841858e-07,1.0937452e-05,0.0
298,0.0007842183,0.0,0.0012244582,0.008353025,4.87864e-05,6.842613e-05,4.172325e-07,9.357929e-06,6.5892935e-05,1.1920929e-07,1.4901161e-07,1.4901161e-07,1.7881393e-05,0.0
299,0.00067952275,0.0,0.0003427565,0.011112034,2.348423e-05,7.292628e-05,6.2584877e-07,1.3589859e-05,7.95424e-05,1.1920929e-07,1.1695423e-07,1.162499e-07,5.2638625e-06,0.0
300,0.00080758333,0.0,0.00072297454,0.006026089,2.1874905e-05,2.5689602e-05,2.9802322e-07,3.516674e-06,4.759431e-05,1.4901161e-07,2.9802322e-08,2.9802322e-08,4.440546e-06,0.0
301,0.00054478645,2.9802322e-08,0.00027099252,0.008704692,1.0043383e-05,3.927946e-05,3.5762787e-07,1.7881393e-06,3.5196543e-05,1.7881393e-07,1.4901161e-07,8.940697e-08,3.874302e-06,0.0
302,0.0009976923,5.9604645e-08,0.0009638965,0.0109062195,2.1547079e-05,5.6892633e-05,7.748604e-07,2.861023e-06,8.404255e-05,2.0861626e-07,0.0,1.1920929e-07,5.453825e-06,0.0
303,0.0002271831,5.9604645e-08,0.00035527349,0.008258045,6.1690807e-06,2.8818846e-05,2.0861626e-07,2.7120113e-06,1.9043684e-05,1.1920929e-07,8.940697e-08,5.9604645e-08,2.5629997e-06,0.0
304,0.00093346834,0.0,0.00049614906,0.014881402,2.6851892e-05,4.720688e-05,8.6426735e-07,9.030104e-06,0.00010308623,3.874302e-07,8.940697e-08,8.940697e-08,3.33786e-06,0.0
305,0.0005314946,0.0,0.0004235506,0.01789555,1.3589859e-05,5.0485134e-05,1.3709068e-06,3.784895e-06,0.00011155009,6.2584877e-07,0.0,1.1920929e-07,5.3942204e-06,0.0
306,0.0020784438,0.0,0.0006559491,0.011030346,1.0073185e-05,2.3692846e-05,6.2584877e-07,2.7120113e-06,9.9271536e-05,2.682209e-07,8.940697e-08,5.9604645e-08,3.516674e-06,0.0
307,0.0008189678,0.0,0.0006585717,0.009121805,2.4318695e-05,4.5835972e-05,5.066395e-07,1.4781952e-05,7.0005655e-05,1.7881393e-07,1.1920929e-07,1.1920929e-07,6.377697e-06,0.0
308,0.0008751154,0.0,0.00034847856,0.008566201,1.1563301e-05,5.632639e-05,4.7683716e-07,2.413988e-06,4.297495e-05,2.682209e-07,2.9802322e-08,5.9604645e-08,3.7252903e-06,0.0
309,0.0004905164,0.0,0.00016075373,0.007568449,2.503395e-05,7.557869e-05,3.5762787e-07,2.95043e-06,3.6597252e-05,1.1920929e-07,5.948165e-08,4.5976563e-08,2.8286688e-06,0.0
310,0.00085762143,0.0,0.00051912665,0.017001659,2.2947788e-05,7.1406364e-05,7.1525574e-07,4.351139e-06,0.00011488795,1.1920929e-07,0.0,1.7881393e-07,5.632639e-06,0.0
311,0.00043040514,0.0,0.0001180172,0.0048567653,1.0818243e-05,3.59118e-05,1.1920929e-07,4.261732e-06,2.7358532e-05,2.9802322e-08,2.9802322e-08,2.9802322e-08,1.3411045e-06,0.0
312,0.00037306547,0.0,0.00027123094,0.006266296,1.7940998e-05,4.029274e-05,2.0861626e-07,6.854534e-06,2.4974346e-05,1.4901161e-07,5.9604645e-08,1.1920929e-07,7.5101852e-06,0.0
313,0.0011638999,0.0,0.0005108118,0.011201024,1.3291836e-05,3.629923e-05,5.364418e-07,1.847744e-06,9.149313e-05,4.7683716e-07,2.9802322e-08,1.1920929e-07,1.7285347e-06,0.0
314,0.0005864501,8.940697e-08,0.0003106594,0.008176208,1.6182661e-05,5.2839518e-05,3.874302e-07,2.861023e-06,3.59416e-05,2.0861626e-07,1.4901161e-07,0.0,3.2484531e-06,0.0
315,0.00036498904,2.9802322e-08,0.00026133657,0.007600993,6.67572e-06,3.388524e-05,2.9802322e-07,9.536743e-07,2.6404858e-05,1.4901161e-07,0.0,8.940697e-08,1.8179417e-06,0.0
316,0.00045385957,0.0,0.00024870038,0.010617405,1.4811754e-05,7.134676e-05,4.4703484e-07,1.1026859e-06,6.6667795e-05,1.1920929e-07,1.1920929e-07,0.0,1.2516975e-06,0.0
317,0.0006351173,0.0,0.00024285913,0.008381188,2.092123e-05,3.7819147e-05,4.7683716e-07,3.2186508e-06,4.4882298e-05,4.4703484e-07,8.940697e-08,8.940697e-08,2.2649765e-06,0.0
318,0.0008892417,0.0,0.00027409196,0.009585321,2.336502e-05,8.2165e-05,5.364418e-07,4.6491623e-06,7.203221e-05,1.4901161e-07,5.9604645e-08,1.7881393e-07,4.887581e-06,0.0
319,0.00042390823,0.0,0.0002862513,0.013918161,2.5302172e-05,8.895993e-05,6.2584877e-07,3.2782555e-06,8.3088875e-05,1.7881393e-07,4.3556064e-08,1.6087282e-07,5.8935e-06,0.0
320,0.00023534894,0.0,0.00016117096,0.004931301,1.30832195e-05,3.8713217e-05,2.0861626e-07,6.735325e-06,1.975894e-05,1.1920929e-07,8.940697e-08,5.9604645e-08,4.440546e-06,0.0
321,0.00038588047,0.0,0.00020223856,0.006105572,1.168251e-05,3.8415194e-05,2.682209e-07,4.082918e-06,3.3318996e-05,2.3841858e-07,2.9802322e-08,1.1920929e-07,3.1292439e-06,0.0
322,0.00095275044,0.0,0.00048461556,0.00910306,4.258752e-05,7.748604e-05,5.066395e-07,5.7816505e-06,5.811453e-05,1.4901161e-07,5.9604645e-08,1.1920929e-07,5.841255e-06,0.0
323,0.0012278259,1.1920929e-07,0.00069087744,0.010708362,3.886223e-05,5.733967e-05,8.34465e-07,3.5762787e-06,0.00011566281,1.1920929e-07,1.1920929e-07,2.0861626e-07,1.4126301e-05,0.0
324,0.00044977665,0.0,0.00017619133,0.0045804083,3.233552e-05,3.489852e-05,2.0861626e-07,3.8146973e-06,3.8266182e-05,1.1920929e-07,1.7881393e-07,8.940697e-08,3.8146973e-06,0.0
325,0.0005633831,0.0,0.0004631281,0.0069024265,3.9190054e-05,7.4356794e-05,3.874302e-07,6.943941e-06,5.4001808e-05,1.4901161e-07,1.7881393e-07,1.4901161e-07,7.867813e-06,0.0
326,0.0006558001,2.9802322e-08,0.00031861663,0.006809354,4.172325e-05,6.699562e-05,3.2782555e-07,9.387732e-06,4.377961e-05,2.0861626e-07,5.9604645e-08,1.1920929e-07,3.874302e-06,0.0
327,0.0009583831,0.0,0.00042891502,0.0063923597,7.0631504e-06,2.1398067e-05,2.3841858e-07,1.0609627e-05,3.6746264e-05,1.1920929e-07,8.940697e-08,2.9802322e-08,2.4735928e-06,0.0
328,0.0004248917,0.0,0.00032126904,0.0051112175,0.00010111928,6.490946e-05,2.682209e-07,6.4969063e-06,5.3703785e-05,5.9604645e-08,1.7881393e-07,5.9604645e-08,4.2915344e-06,0.0
329,0.00034600496,0.0,0.00031384826,0.0053441525,1.4603138e-05,3.33786e-05,3.2782555e-07,8.672476e-06,3.2931566e-05,0.0,1.1843413e-07,1.7274068e-07,5.607499e-06,0.0
330,0.0008302331,1.1920929e-07,0.00058713555,0.011555791,2.8282404e-05,3.838539e-05,6.2584877e-07,2.861023e-06,9.807944e-05,2.0861626e-07,1.1920929e-07,2.9802322e-08,4.172325e-06,0.0
331,0.0005019307,2.9802322e-08,0.00019165874,0.0064019263,1.9788742e-05,4.452467e-05,2.3841858e-07,2.5331974e-06,2.7507544e-05,5.9604645e-08,8.940697e-08,1.1920929e-07,3.993511e-06,0.0
332,0.00039294362,0.0,0.0002900958,0.014808029,1.0669231e-05,3.746152e-05,7.1525574e-07,5.00679e-06,6.759167e-05,3.2782555e-07,5.9604645e-08,8.940697e-08,5.4240227e-06,0.0
333,0.00086823106,0.0,0.00042045116,0.007137686,1.7404556e-05,4.7057867e-05,4.4703484e-07,2.682209e-06,8.8095665e-05,1.4901161e-07,1.1920929e-07,8.940697e-08,3.3080578e-06,0.0
334,0.0010638237,0.0,0.00088849664,0.008313358,1.8537045e-05,2.759695e-05,2.682209e-07,5.990267e-06,9.36985e-05,1.1920929e-07,1.1920929e-07,0.0,5.4240227e-06,0.0
335,0.0004529953,0.0,0.00021222234,0.007955402,1.92523e-05,5.686283e-05,4.7683716e-07,2.503395e-06,5.340576e-05,1.7881393e-07,1.1920929e-07,2.9802322e-08,1.3709068e-06,0.0
336,0.00072067976,0.0,0.00020447373,0.007422656,4.4465065e-05,5.015731e-05,3.874302e-07,2.8312206e-06,6.1541796e-05,3.2782555e-07,1.4901161e-07,0.0,1.1920929e-06,0.0
337,0.0005916357,0.0,0.00013917685,0.008379132,2.720952e-05,4.0590763e-05,5.066395e-07,2.5331974e-06,6.5892935e-05,2.0861626e-07,5.9604645e-08,8.940697e-08,1.2516975e-06,0.0
338,0.00088080764,0.0,0.0005273819,0.010851443,1.8924475e-05,4.708767e-05,7.1525574e-07,7.3611736e-06,5.7667494e-05,3.2782555e-07,8.940697e-08,1.1920929e-07,5.3346157e-06,0.0
339,0.00036233664,0.0,0.00016459823,0.0050427318,3.3974648e-05,0.00011751056,2.682209e-07,3.9041042e-06,3.629923e-05,0.0,5.1378e-08,2.8320155e-08,2.0070834e-06,0.0
340,0.00055369735,0.0,0.00047662854,0.0040851533,6.3717365e-05,4.2527914e-05,1.4901161e-07,2.0623207e-05,3.567338e-05,1.1920929e-07,2.0861626e-07,8.940697e-08,7.3611736e-06,0.0
341,0.00027805567,0.0,0.00018236041,0.006519735,8.46386e-06,4.2170286e-05,2.682209e-07,2.771616e-06,2.3305416e-05,5.9604645e-08,2.9802322e-08,5.9604645e-08,3.9041042e-06,0.0
342,0.00042030215,0.0,0.00020453334,0.00559026,4.87864e-05,5.3554773e-05,2.3841858e-07,8.85129e-06,4.133582e-05,2.9802322e-08,2.0861626e-07,8.940697e-08,4.172325e-06,0.0
343,0.0006646812,8.940697e-08,0.000530988,0.0126751065,1.5377998e-05,4.3600798e-05,5.066395e-07,7.987022e-06,6.2555075e-05,2.3841858e-07,1.7881393e-07,2.9802322e-08,3.606081e-06,0.0
344,0.0007071197,0.0,0.00030967593,0.0074382126,8.34465e-06,3.835559e-05,3.5762787e-07,1.0788441e-05,2.9951334e-05,8.940697e-08,5.9604645e-08,1.7881393e-07,9.298325e-06,0.0
345,0.0009367764,2.9802322e-08,0.0007696748,0.0084887445,2.0086765e-05,3.582239e-05,3.874302e-07,6.020069e-06,5.2392483e-05,5.9604645e-08,2.3841858e-07,1.1920929e-07,8.523464e-06,0.0
346,0.0007983744,2.9802322e-08,0.0005402267,0.010492951,1.0430813e-05,4.091859e-05,5.066395e-07,3.0398369e-06,4.7296286e-05,2.3841858e-07,8.940697e-08,1.7881393e-07,6.020069e-06,0.0
347,0.0019189417,2.9802322e-08,0.0012048781,0.014220893,1.7732382e-05,3.5971403e-05,6.2584877e-07,7.033348e-06,0.00010582805,2.682209e-07,1.4901161e-07,1.1920929e-07,7.8082085e-06,0.0
348,0.0006753504,0.0,0.00043725967,0.0068848133,1.2427568e-05,4.3302774e-05,2.0861626e-07,1.6093254e-05,2.8163195e-05,1.4901161e-07,1.7881393e-07,2.0861626e-07,9.030104e-06,0.0
349,0.0009151399,0.0,0.0004746616,0.013467252,2.4110079e-05,4.684925e-05,5.662441e-07,1.013279e-05,7.748604e-05,1.1920929e-07,1.02513106e-07,1.4823253e-07,1.7211767e-05,0.0
350,0.00032550097,0.0,0.00024464726,0.014558017,1.7225742e-05,5.313754e-05,8.6426735e-07,5.096197e-06,6.249547e-05,2.682209e-07,8.940697e-08,1.4901161e-07,6.109476e-06,0.0
351,0.0008389354,0.0,0.00045728683,0.012562126,2.9236078e-05,2.8371811e-05,7.1525574e-07,5.6922436e-06,0.00012940168,2.682209e-07,0.0,8.940697e-08,3.516674e-06,0.0
352,0.001334399,0.0,0.00041106343,0.009227127,2.4080276e-05,2.5868416e-05,5.364418e-07,9.4771385e-06,7.492304e-05,3.5762787e-07,1.1920929e-07,0.0,1.758337e-06,0.0
353,0.0006093681,0.0,0.0002655983,0.006261736,1.8805265e-05,4.1872263e-05,2.682209e-07,1.4305115e-05,2.5749207e-05,8.940697e-08,3.2782555e-07,0.0,3.993511e-06,0.0
354,0.0009890199,0.0,0.00034236908,0.0096720755,9.775162e-06,2.7894974e-05,3.5762787e-07,1.9818544e-05,6.0141087e-05,1.4901161e-07,1.7881393e-07,0.0,3.516674e-06,0.0
355,0.0010563731,0.0,0.0002797544,0.00925523,1.9073486e-05,5.5849552e-05,5.066395e-07,4.1127205e-06,5.7131052e-05,2.0861626e-07,8.940697e-08,5.9604645e-08,4.529953e-06,0.0
356,0.0007777214,0.0,0.00026246905,0.007674843,2.771616e-05,2.9176474e-05,5.364418e-07,6.4373016e-06,7.95424e-05,1.1920929e-07,8.940697e-08,1.4901161e-07,2.6226044e-06,0.0
357,0.00062325597,2.9802322e-08,0.00077807903,0.008431047,2.5749207e-05,5.1230192e-05,4.7683716e-07,7.480383e-06,4.1872263e-05,2.0861626e-07,8.940697e-08,1.7881393e-07,8.672476e-06,0.0
358,0.0014913976,0.0,0.00054344535,0.009434581,2.7537346e-05,3.8087368e-05,5.662441e-07,1.475215e-05,9.6052885e-05,1.7881393e-07,1.1920929e-07,8.940697e-08,3.5762787e-06,0.0
359,0.00054582953,0.0,0.0004555285,0.010462582,1.6361475e-05,4.300475e-05,5.066395e-07,7.480383e-06,5.1379204e-05,1.4901161e-07,7.111244e-08,5.285334e-08,4.0105524e-06,0.0
360,0.00021502376,0.0,7.721782e-05,0.004318893,9.298325e-06,2.6613474e-05,2.0861626e-07,3.1292439e-06,1.7523766e-05,2.9802322e-08,8.940697e-08,0.0,2.0861626e-06,0.0
361,0.00026661158,0.0,0.00017544627,0.008364558,6.645918e-06,2.425909e-05,2.0861626e-07,7.0631504e-06,1.8030405e-05,2.9802322e-08,5.9604645e-08,1.1920929e-07,2.3543835e-06,0.0
362,0.00057062507,0.0,0.00043421984,0.005203277,2.0712614e-05,3.1471252e-05,2.682209e-07,1.8626451e-05,3.4213066e-05,0.0,5.9604645e-08,1.1920929e-07,9.447336e-06,0.0
363,0.00072044134,0.0,0.00027266145,0.0066420436,6.1392784e-06,1.8924475e-05,2.682209e-07,2.8312206e-06,3.7252903e-05,1.7881393e-07,5.9604645e-08,2.9802322e-08,1.3709068e-06,0.0
364,0.00029668212,2.9802322e-08,0.00022774935,0.006582111,8.404255e-06,3.1471252e-05,2.682209e-07,3.33786e-06,1.6838312e-05,2.0861626e-07,2.9802322e-08,5.9604645e-08,2.5331974e-06,0.0
365,0.00045517087,0.0,0.0005374551,0.006643176,2.6792288e-05,4.4196844e-05,2.0861626e-07,2.130866e-05,2.5838614e-05,5.9604645e-08,1.4901161e-07,1.4901161e-07,7.867813e-06,0.0
366,0.000708729,5.9604645e-08,0.0005853474,0.017901748,1.4990568e-05,3.489852e-05,9.536743e-07,1.0460615e-05,0.00013807416,4.172325e-07,5.9604645e-08,5.9604645e-08,3.874302e-06,0.0
367,0.0007914603,0.0,0.00022315979,0.0047561824,1.1056662e-05,4.708767e-05,1.7881393e-07,1.0043383e-05,2.3782253e-05,2.9802322e-08,1.7881393e-07,8.940697e-08,3.0100346e-06,0.0
368,0.00055515766,0.0,0.00052279234,0.007945359,3.46303e-05,5.7399273e-05,5.364418e-07,1.424551e-05,8.097291e-05,1.1920929e-07,5.9604645e-08,2.0861626e-07,5.096197e-06,0.0
369,0.0009700358,1.4901161e-07,0.00036674738,0.011153817,3.3527613e-05,5.173683e-05,4.4703484e-07,8.940697e-06,7.3730946e-05,2.0861626e-07,1.8372515e-07,6.408845e-08,2.9082635e-06,0.0
370,0.00074344873,0.0,0.00025874376,0.0073291957,1.5079975e-05,3.33786e-05,1.4901161e-07,7.5399876e-06,4.4107437e-05,1.7881393e-07,1.7881393e-07,0.0,2.2947788e-06,0.0
371,0.0007984936,2.9802322e-08,0.00037547946,0.009166181,1.7493963e-05,3.951788e-05,4.7683716e-07,1.4334917e-05,4.4941902e-05,1.4901161e-07,5.9604645e-08,1.1920929e-07,7.0929527e-06,0.0
372,0.0013130307,0.0,0.00075280666,0.0114347935,2.2947788e-05,3.5256147e-05,6.854534e-07,4.7385693e-06,0.00012210011,2.682209e-07,8.940697e-08,5.9604645e-08,4.7683716e-06,0.0
373,0.0012647212,0.0,0.00035747886,0.007262498,1.6003847e-05,1.4215708e-05,3.5762787e-07,1.66893e-06,9.87649e-05,2.3841858e-07,1.1920929e-07,0.0,7.748604e-07,0.0
374,0.00073218346,2.9802322e-08,0.00017663836,0.006151825,5.722046e-06,3.6805868e-05,2.682209e-07,2.1457672e-06,2.4557114e-05,8.940697e-08,8.940697e-08,8.940697e-08,2.0563602e-06,0.0
375,0.0006029606,0.0,0.00018256903,0.00581643,1.8000603e-05,3.0517578e-05,3.5762787e-07,2.5331974e-06,4.5597553e-05,2.0861626e-07,2.9802322e-08,1.1920929e-07,1.2814999e-06,0.0
376,0.0011279583,0.0,0.00048810244,0.010959923,1.5318394e-05,2.4735928e-05,5.066395e-07,3.695488e-06,9.3609095e-05,3.5762787e-07,5.9604645e-08,8.940697e-08,1.847744e-06,0.0
377,0.00056415796,0.0,0.00039198995,0.019062817,6.645918e-06,2.1636486e-05,8.6426735e-07,1.9967556e-06,0.00011447072,8.34465e-07,2.9802322e-08,0.0,1.2218952e-06,0.0
378,0.00028854609,0.0,0.00052011013,0.01359719,1.04904175e-05,4.4554472e-05,6.854534e-07,5.0365925e-06,7.137656e-05,2.682209e-07,2.9802322e-08,2.0861626e-07,8.85129e-06,0.0
379,0.00097608566,0.0,0.0011142194,0.011588424,5.3435564e-05,5.364418e-05,7.1525574e-07,4.529953e-06,0.00013580918,2.3841858e-07,4.061033e-08,7.1016885e-08,4.7556787e-06,0.0
380,0.0009772778,5.9604645e-08,0.00089389086,0.012871653,2.208352e-05,4.0620565e-05,8.046627e-07,2.7120113e-06,0.00013774633,6.2584877e-07,0.0,5.9604645e-08,5.0365925e-06,0.0
381,0.0003927648,2.9802322e-08,0.00016379356,0.0070646405,1.0639429e-05,4.7415495e-05,3.2782555e-07,3.1590462e-06,1.963973e-05,1.1920929e-07,2.0861626e-07,2.9802322e-08,1.1622906e-06,0.0
382,0.00086817145,8.940697e-08,0.0012063086,0.01540643,1.0818243e-05,2.0563602e-05,8.34465e-07,2.3841858e-06,0.00012874603,4.4703484e-07,5.9604645e-08,1.4901161e-07,5.990267e-06,0.0
383,0.0015835166,2.9802322e-08,0.0012364686,0.012042969,1.1563301e-05,1.770258e-05,5.066395e-07,1.6391277e-06,0.00013583899,5.066395e-07,0.0,8.940697e-08,1.9073486e-06,0.0
384,0.0009034574,2.9802322e-08,0.00026881695,0.00783968,2.9057264e-05,4.5001507e-05,5.066395e-07,5.1259995e-06,5.7786703e-05,1.1920929e-07,2.9802322e-07,1.7881393e-07,6.645918e-06,0.0
385,0.0013194084,2.9802322e-08,0.0011767745,0.014958978,4.23491e-05,4.4226646e-05,6.854534e-07,9.089708e-06,0.000109791756,2.682209e-07,1.4901161e-07,1.4901161e-07,5.2452087e-06,0.0
386,0.0012846887,8.940697e-08,0.0013753474,0.009334385,6.198883e-06,1.5884638e-05,5.364418e-07,4.976988e-06,8.4489584e-05,6.2584877e-07,8.940697e-08,0.0,1.66893e-06,0.0
387,0.0007877946,2.9802322e-08,0.00046664476,0.0126544535,7.927418e-06,3.567338e-05,5.364418e-07,1.5497208e-06,6.711483e-05,4.7683716e-07,1.4901161e-07,2.9802322e-08,1.1026859e-06,0.0
388,0.0018028021,0.0,0.00059583783,0.010524541,1.2010336e-05,4.9710274e-05,5.9604645e-07,2.2947788e-06,0.000105232,2.3841858e-07,8.940697e-08,0.0,1.9967556e-06,0.0
389,0.00045594573,0.0,0.00024071336,0.006749183,8.523464e-06,2.554059e-05,2.3841858e-07,1.6987324e-06,2.8192997e-05,2.9802322e-07,4.353547e-08,3.2399747e-08,9.740841e-07,0.0
390,0.0007376075,1.1920929e-07,0.00042954087,0.015559852,1.4424324e-05,4.133582e-05,1.013279e-06,2.3543835e-06,0.000103235245,3.874302e-07,2.9802322e-08,5.9604645e-08,4.798174e-06,0.0
391,0.00049853325,0.0,0.0003864169,0.017579883,2.1070242e-05,6.124377e-05,8.6426735e-07,1.2695789e-05,0.00010544062,2.0861626e-07,8.940697e-08,2.0861626e-07,9.059906e-06,0.0
392,0.0010225475,1.1920929e-07,0.00089854,0.013196737,2.4616718e-05,4.631281e-05,6.2584877e-07,7.212162e-06,0.00010153651,2.682209e-07,1.1920929e-07,5.9604645e-08,6.9737434e-06,0.0
393,0.00097069144,2.9802322e-08,0.0009891987,0.0124441385,2.1457672e-05,5.0634146e-05,5.9604645e-07,2.2947788e-06,0.00011613965,2.682209e-07,2.9802322e-08,0.0,3.5762787e-06,0.0
394,0.00061279535,8.940697e-08,0.00054368377,0.012391537,5.015731e-05,6.207824e-05,7.748604e-07,7.4505806e-06,8.4877014e-05,4.4703484e-07,1.4901161e-07,8.940697e-08,4.827976e-06,0.0
395,0.0008301139,0.0,0.00045242906,0.01082927,1.2516975e-05,1.8239021e-05,6.2584877e-07,2.115965e-06,8.380413e-05,4.172325e-07,1.1920929e-07,8.940697e-08,2.4735928e-06,0.0
396,0.0011762381,0.0,0.00036400557,0.01578334,1.8447638e-05,4.1127205e-05,1.0430813e-06,2.771616e-06,0.00010445714,7.748604e-07,8.940697e-08,1.4901161e-07,2.4735928e-06,0.0
397,0.0012152195,0.0,0.00048956275,0.011390984,3.0487776e-05,3.2365322e-05,6.2584877e-07,3.6656857e-06,0.000106334686,4.4703484e-07,1.1920929e-07,1.1920929e-07,2.2649765e-06,0.0
398,0.00070244074,0.0,0.00063076615,0.010733306,2.5868416e-05,3.618002e-05,6.854534e-07,1.052022e-05,9.0926886e-05,2.0861626e-07,1.1920929e-07,1.4901161e-07,7.659197e-06,0.0
399,0.00059118867,0.0,0.00027930737,0.0149253905,2.6792288e-05,5.3972006e-05,1.013279e-06,5.1259995e-06,8.803606e-05,3.874302e-07,5.688295e-08,2.0895745e-07,5.760729e-06,0.0
400,0.0003002584,0.0,0.00018107891,0.008733302,2.9474497e-05,6.261468e-05,4.7683716e-07,5.453825e-06,6.619096e-05,1.1920929e-07,1.7881393e-07,3.5762787e-07,1.2367964e-05,0.0
401,0.0010209382,0.0,0.00075683,0.014463514,2.9474497e-05,4.7713518e-05,1.013279e-06,4.798174e-06,0.00012391806,5.662441e-07,5.9604645e-08,1.7881393e-07,5.4836273e-06,0.0
402,0.00063443184,0.0,0.0005594194,0.007295549,3.1918287e-05,3.761053e-05,2.682209e-07,4.708767e-06,5.0485134e-05,1.4901161e-07,1.4901161e-07,8.940697e-08,4.529953e-06,0.0
403,0.0006894469,0.0,0.00073841214,0.008014917,4.87864e-05,6.172061e-05,4.172325e-07,3.6656857e-06,5.2273273e-05,1.7881393e-07,0.0,8.940697e-08,3.0994415e-06,0.0
404,0.00074216723,0.0,0.00019052625,0.0058617294,4.157424e-05,3.3974648e-05,2.682209e-07,3.784895e-06,4.786253e-05,8.940697e-08,1.7881393e-07,5.9604645e-08,3.2782555e-06,0.0
405,0.00065651536,5.9604645e-08,0.0007455349,0.0074840486,6.5624714e-05,6.443262e-05,4.172325e-07,5.632639e-06,6.249547e-05,1.1920929e-07,8.940697e-08,1.4901161e-07,7.95722e-06,0.0
406,0.00023519993,0.0,0.00016644597,0.0051241815,3.84748e-05,4.3839216e-05,2.0861626e-07,7.390976e-06,3.0100346e-05,5.9604645e-08,8.940697e-08,0.0,2.9802322e-06,0.0
407,0.0006607175,0.0,0.0002425611,0.0051391423,4.7177076e-05,0.00010433793,2.9802322e-07,1.6093254e-06,5.7697296e-05,8.940697e-08,2.9802322e-08,2.9802322e-08,1.3113022e-06,0.0
408,0.00090509653,0.0,0.0006464422,0.006423205,4.4107437e-05,4.607439e-05,2.682209e-07,6.109476e-06,4.7534704e-05,8.940697e-08,1.7881393e-07,1.7881393e-07,6.4074993e-06,0.0
409,0.0009946227,0.0,0.0005865693,0.010352284,5.2571297e-05,4.261732e-05,3.2782555e-07,1.3411045e-05,7.3850155e-05,2.3841858e-07,1.6233801e-07,4.303204e-08,3.378192e-06,0.0
410,0.0010049343,0.0,0.0005257726,0.0146149695,2.8073788e-05,3.835559e-05,6.556511e-07,4.7683716e-06,0.000102579594,2.682209e-07,8.940697e-08,8.940697e-08,4.7385693e-06,0.0
411,0.00036168098,0.0,9.787083e-05,0.0063439608,1.7881393e-05,3.8415194e-05,3.5762787e-07,6.9737434e-06,3.5613775e-05,2.9802322e-08,8.940697e-08,8.940697e-08,2.7120113e-06,0.0
412,0.0006158054,0.0,0.0004104674,0.011437833,5.4448843e-05,5.3942204e-05,6.2584877e-07,5.2452087e-06,9.301305e-05,1.7881393e-07,5.9604645e-08,1.1920929e-07,6.2584877e-06,0.0
413,0.0006079674,0.0,0.00028946996,0.007864356,4.3570995e-05,6.7830086e-05,5.066395e-07,6.7949295e-06,5.2392483e-05,1.7881393e-07,0.0,1.7881393e-07,5.7816505e-06,0.0
414,0.0006338358,0.0,0.00018453598,0.007221222,4.6670437e-05,9.1314316e-05,3.874302e-07,7.1525574e-06,4.6044588e-05,1.1920929e-07,2.0861626e-07,2.9802322e-08,2.7418137e-06,0.0
415,0.0002848804,0.0,0.00015482306,0.0043674707,3.1888485e-05,5.9604645e-05,2.9802322e-07,9.5665455e-06,3.105402e-05,2.9802322e-08,5.9604645e-08,0.0,5.0365925e-06,0.0
416,0.0004811585,0.0,0.00018957257,0.0071714222,2.2232533e-05,3.8415194e-05,3.5762787e-07,5.6624413e-06,3.799796e-05,8.940697e-08,1.7881393e-07,5.9604645e-08,3.9339066e-06,0.0
417,0.00049221516,0.0,0.0003617704,0.005943686,5.6236982e-05,3.6895275e-05,2.9802322e-07,3.7252903e-06,5.108118e-05,8.940697e-08,1.1920929e-07,5.9604645e-08,6.2286854e-06,0.0
418,0.0011243224,0.0,0.00078973174,0.010882169,3.4958124e-05,3.287196e-05,4.4703484e-07,1.6540289e-05,0.00010737777,5.9604645e-08,1.1920929e-07,8.940697e-08,5.9604645e-06,0.0
419,0.00071296096,0.0,0.0010166168,0.008285791,3.0100346e-05,4.029274e-05,3.2782555e-07,1.7881393e-05,5.5462122e-05,1.1920929e-07,8.445423e-08,7.5878624e-08,9.291467e-06,0.0
